Country Name,Country Code,Year,Ratio
Afghanistan,AFG,2016,25.37977373
Albania,ALB,2016,73.32430708
Algeria,DZA,2016,22.32167669
Angola,AGO,2016,94.11382818
Argentina,ARG,2016,66.45121576
Armenia,ARM,2016,80.45735351
Australia,AUS,2016,83.1052602
Austria,AUT,2016,83.16193423
Azerbaijan,AZE,2016,92.14527027
"Bahamas, The",BHS,2016,84.02120553
Bahrain,BHR,2016,50.02479958
Bangladesh,BGD,2016,41.53165874
Barbados,BRB,2016,88.7207347
Belarus,BLR,2016,82.65655612
Belgium,BEL,2016,81.49574244
Belize,BLZ,2016,60.7131623
Benin,BEN,2016,95.92236372
Bhutan,BTN,2016,78.58991037
Bolivia,BOL,2016,73.17273404
Bosnia and Herzegovina,BIH,2016,62.75432107
Botswana,BWA,2016,82.44668385
Brazil,BRA,2016,70.43059041
Brunei Darussalam,BRN,2016,78.6380891
Bulgaria,BGR,2016,81.05837534
Burkina Faso,BFA,2016,77.83373905
Burundi,BDI,2016,103.3769955
Cabo Verde,CPV,2016,78.07092839
Cambodia,KHM,2016,85.01765966
Cameroon,CMR,2016,85.44917042
Canada,CAN,2016,85.94203716
Central African Republic,CAF,2016,79.6167923
Chad,TCD,2016,69.30300243
Channel Islands,CHI,2016,76.48505261
Chile,CHL,2016,67.61737959
China,CHN,2016,82.45937718
Colombia,COL,2016,69.6705292
Comoros,COM,2016,59.50479934
"Congo, Dem. Rep.",COD,2016,89.53458362
"Congo, Rep.",COG,2016,95.47787687
Costa Rica,CRI,2016,65.8268462
Cote d'Ivoire,CIV,2016,79.76512733
Croatia,HRV,2016,78.88308924
Cuba,CUB,2016,64.67617217
Cyprus,CYP,2016,85.44989228
Czechia,CZE,2016,75.32263049
Denmark,DNK,2016,85.97857986
Djibouti,DJI,2016,37.25674238
Dominican Republic,DOM,2016,63.20065094
Ecuador,ECU,2016,65.13936473
"Egypt, Arab Rep.",EGY,2016,32.14456813
El Salvador,SLV,2016,60.43749832
Equatorial Guinea,GNQ,2016,79.57259492
Eritrea,ERI,2016,85.29941731
Estonia,EST,2016,80.84665139
Eswatini,SWZ,2016,83.51244898
Ethiopia,ETH,2016,81.66185442
Fiji,FJI,2016,52.20613177
Finland,FIN,2016,88.96864011
France,FRA,2016,83.91133946
French Polynesia,PYF,2016,77.86084688
Gabon,GAB,2016,70.14109377
"Gambia, The",GMB,2016,86.72400101
Georgia,GEO,2016,73.52396114
Germany,DEU,2016,82.16393245
Ghana,GHA,2016,88.47090185
Greece,GRC,2016,74.58327687
Guam,GUM,2016,82.17603412
Guatemala,GTM,2016,45.97892269
Guinea,GIN,2016,72.69295948
Guinea-Bissau,GNB,2016,79.4144246
Guyana,GUY,2016,59.58966107
Haiti,HTI,2016,88.10352203
Honduras,HND,2016,57.02822561
"Hong Kong SAR, China",HKG,2016,79.58659366
Hungary,HUN,2016,78.82780411
Iceland,ISL,2016,90.45764968
India,IND,2016,34.07818366
Indonesia,IDN,2016,61.55077102
"Iran, Islamic Rep.",IRN,2016,20.92701336
Iraq,IRQ,2016,19.44989368
Ireland,IRL,2016,79.40571395
Israel,ISR,2016,84.39066163
Italy,ITA,2016,67.23046202
Jamaica,JAM,2016,80.50400979
Japan,JPN,2016,70.37416855
Jordan,JOR,2016,22.92713356
Kazakhstan,KAZ,2016,87.22348325
Kenya,KEN,2016,92.33566253
"Korea, Dem. People's Rep.",PRK,2016,89.31951537
"Korea, Rep.",KOR,2016,71.96368232
Kuwait,KWT,2016,56.94361609
Kyrgyz Republic,KGZ,2016,71.82528736
Lao PDR,LAO,2016,87.98553379
Latvia,LVA,2016,80.16291043
Lebanon,LBN,2016,38.0637262
Lesotho,LSO,2016,75.92131093
Liberia,LBR,2016,87.53848588
Libya,LBY,2016,53.2118245
Lithuania,LTU,2016,83.88767301
Luxembourg,LUX,2016,82.79962147
"Macao SAR, China",MAC,2016,86.44158628
Madagascar,MDG,2016,93.69393704
Malawi,MWI,2016,87.66009488
Malaysia,MYS,2016,65.01189593
Maldives,MDV,2016,57.18160701
Mali,MLI,2016,76.75121303
Malta,MLT,2016,63.02834957
Mauritania,MRT,2016,45.18401843
Mauritius,MUS,2016,62.44882568
Mexico,MEX,2016,55.91080338
Moldova,MDA,2016,97.53129786
Mongolia,MNG,2016,80.74749123
Montenegro,MNE,2016,77.78958375
Morocco,MAR,2016,34.5697582
Mozambique,MOZ,2016,97.5653303
Myanmar,MMR,2016,64.34325522
Namibia,NAM,2016,86.25857213
Nepal,NPL,2016,48.88973343
Netherlands,NLD,2016,84.01454606
New Caledonia,NCL,2016,85.32309283
New Zealand,NZL,2016,84.67258497
Nicaragua,NIC,2016,58.29586683
Niger,NER,2016,72.83018868
Nigeria,NGA,2016,90.50386457
North Macedonia,MKD,2016,63.69809389
Norway,NOR,2016,91.02578996
Oman,OMN,2016,33.99652198
Pakistan,PAK,2016,30.3801477
Panama,PAN,2016,64.35142364
Papua New Guinea,PNG,2016,96.17131348
Paraguay,PRY,2016,67.65802009
Peru,PER,2016,80.26194035
Philippines,PHL,2016,65.38502875
Poland,POL,2016,75.33998743
Portugal,PRT,2016,83.83354154
Puerto Rico,PRI,2016,64.93725721
Qatar,QAT,2016,58.62740581
Romania,ROU,2016,70.18844965
Russian Federation,RUS,2016,77.93723984
Rwanda,RWA,2016,80.90452261
Samoa,WSM,2016,61.21115585
Sao Tome and Principe,STP,2016,90.24216524
Saudi Arabia,SAU,2016,27.35698751
Senegal,SEN,2016,59.47857367
Serbia,SRB,2016,72.03227685
Sierra Leone,SLE,2016,96.10124551
Singapore,SGP,2016,79.61688312
Slovak Republic,SVK,2016,76.5244172
Slovenia,SVN,2016,82.88672544
Solomon Islands,SLB,2016,95.72897565
Somalia,SOM,2016,44.00344039
South Africa,ZAF,2016,78.40912585
South Sudan,SSD,2016,94.48365772
Spain,ESP,2016,81.0585988
Sri Lanka,LKA,2016,47.92717999
St. Lucia,LCA,2016,84.38546595
St. Vincent and the Grenadines,VCT,2016,71.08572335
Sudan,SDN,2016,34.93341314
Suriname,SUR,2016,66.56966279
Sweden,SWE,2016,89.96569596
Switzerland,CHE,2016,83.95374197
Syrian Arab Republic,SYR,2016,20.112168
Tajikistan,TJK,2016,60.10907529
Tanzania,TZA,2016,91.08397571
Thailand,THA,2016,78.37067837
Timor-Leste,TLS,2016,84.69642783
Togo,TGO,2016,91.7929522
Tonga,TON,2016,63.5216231
Trinidad and Tobago,TTO,2016,69.67177947
Tunisia,TUN,2016,37.40602582
Turkiye,TUR,2016,44.00986215
Turkmenistan,TKM,2016,103.4666948
Uganda,UGA,2016,94.93846713
Ukraine,UKR,2016,79.50616504
United Arab Emirates,ARE,2016,52.30528784
United Kingdom,GBR,2016,83.29489534
United States,USA,2016,81.49712987
Uruguay,URY,2016,75.68323274
Uzbekistan,UZB,2016,55.35405048
Vanuatu,VUT,2016,83.69829684
"Venezuela, RB",VEN,2016,63.86694717
Viet Nam,VNM,2016,88.40773141
Virgin Islands (U.S.),VIR,2016,83.15313636
West Bank and Gaza,PSE,2016,25.42126301
"Yemen, Rep.",YEM,2016,8.90039827
Zambia,ZMB,2016,78.53056901
Zimbabwe,ZWE,2016,82.65615607
Afghanistan,AFG,2017,28.93693546
Albania,ALB,2017,74.50974517
Algeria,DZA,2017,21.7322122
Angola,AGO,2017,94.34526867
Argentina,ARG,2017,67.6939245
Armenia,ARM,2017,80.61513674
Australia,AUS,2017,84.58278595
Austria,AUT,2017,83.55775617
Azerbaijan,AZE,2017,91.2414754
"Bahamas, The",BHS,2017,83.97459371
Bahrain,BHR,2017,49.89502908
Bangladesh,BGD,2017,45.05263675
Barbados,BRB,2017,88.99726605
Belarus,BLR,2017,81.91736369
Belgium,BEL,2017,81.38083121
Belize,BLZ,2017,61.41017069
Benin,BEN,2017,96.96050243
Bhutan,BTN,2017,78.92274023
Bolivia,BOL,2017,75.68079686
Bosnia and Herzegovina,BIH,2017,62.92592593
Botswana,BWA,2017,83.29613584
Brazil,BRA,2017,72.3163917
Brunei Darussalam,BRN,2017,79.8707256
Bulgaria,BGR,2017,80.43848412
Burkina Faso,BFA,2017,77.63758187
Burundi,BDI,2017,102.5951207
Cabo Verde,CPV,2017,78.59775254
Cambodia,KHM,2017,87.98834759
Cameroon,CMR,2017,82.68873701
Canada,CAN,2017,86.45893795
Central African Republic,CAF,2017,79.60044099
Chad,TCD,2017,68.25262398
Channel Islands,CHI,2017,78.06369964
Chile,CHL,2017,69.5261899
China,CHN,2017,82.93503014
Colombia,COL,2017,69.49588214
Comoros,COM,2017,62.87785718
"Congo, Dem. Rep.",COD,2017,89.78533249
"Congo, Rep.",COG,2017,95.17277876
Costa Rica,CRI,2017,61.76585353
Cote d'Ivoire,CIV,2017,77.40954124
Croatia,HRV,2017,77.75203378
Cuba,CUB,2017,64.9001766
Cyprus,CYP,2017,84.44836185
Czechia,CZE,2017,76.18448944
Denmark,DNK,2017,87.47557077
Djibouti,DJI,2017,38.72468469
Dominican Republic,DOM,2017,64.42957432
Ecuador,ECU,2017,69.90430205
"Egypt, Arab Rep.",EGY,2017,32.8267882
El Salvador,SLV,2017,60.03882566
Equatorial Guinea,GNQ,2017,79.63407407
Eritrea,ERI,2017,85.29842956
Estonia,EST,2017,80.83893474
Eswatini,SWZ,2017,85.34326555
Ethiopia,ETH,2017,79.05991092
Fiji,FJI,2017,50.19228012
Finland,FIN,2017,88.09977426
France,FRA,2017,83.92626239
French Polynesia,PYF,2017,78.73946064
Gabon,GAB,2017,69.8570926
"Gambia, The",GMB,2017,87.02416097
Georgia,GEO,2017,73.36550496
Germany,DEU,2017,83.04541005
Ghana,GHA,2017,90.35164278
Greece,GRC,2017,74.43910392
Guam,GUM,2017,82.26886089
Guatemala,GTM,2017,45.98172864
Guinea,GIN,2017,69.21874516
Guinea-Bissau,GNB,2017,80.23249188
Guyana,GUY,2017,62.66856866
Haiti,HTI,2017,88.83454184
Honduras,HND,2017,55.16322693
"Hong Kong SAR, China",HKG,2017,80.76411469
Hungary,HUN,2017,78.0674659
Iceland,ISL,2017,89.63343797
India,IND,2017,34.38324282
Indonesia,IDN,2017,63.7118536
"Iran, Islamic Rep.",IRN,2017,24.70045821
Iraq,IRQ,2017,15.43805165
Ireland,IRL,2017,81.16367353
Israel,ISR,2017,84.99520614
Italy,ITA,2017,68.6929731
Jamaica,JAM,2017,80.30805492
Japan,JPN,2017,72.44913895
Jordan,JOR,2017,26.95702973
Kazakhstan,KAZ,2017,87.12078508
Kenya,KEN,2017,90.37143271
"Korea, Dem. People's Rep.",PRK,2017,89.35377875
"Korea, Rep.",KOR,2017,72.89245983
Kuwait,KWT,2017,56.72970221
Kyrgyz Republic,KGZ,2017,67.09868421
Lao PDR,LAO,2017,88.16216046
Latvia,LVA,2017,81.21294357
Lebanon,LBN,2017,39.80779467
Lesotho,LSO,2017,74.40800541
Liberia,LBR,2017,87.79229334
Libya,LBY,2017,53.10975705
Lithuania,LTU,2017,84.04751867
Luxembourg,LUX,2017,85.41804544
"Macao SAR, China",MAC,2017,86.0483294
Madagascar,MDG,2017,94.07304994
Malawi,MWI,2017,87.77083997
Malaysia,MYS,2017,66.00380982
Maldives,MDV,2017,56.29040072
Mali,MLI,2017,72.11492935
Malta,MLT,2017,67.15670531
Mauritania,MRT,2017,45.58575478
Mauritius,MUS,2017,61.81764093
Mexico,MEX,2017,55.76261871
Moldova,MDA,2017,97.13758878
Mongolia,MNG,2017,80.03615428
Montenegro,MNE,2017,74.52328853
Morocco,MAR,2017,32.77064059
Mozambique,MOZ,2017,97.78372564
Myanmar,MMR,2017,62.10774604
Namibia,NAM,2017,86.2548623
Nepal,NPL,2017,50.79335793
Netherlands,NLD,2017,85.17326317
New Caledonia,NCL,2017,85.29922676
New Zealand,NZL,2017,85.15370895
Nicaragua,NIC,2017,59.52594243
Niger,NER,2017,72.01979148
Nigeria,NGA,2017,90.14724127
North Macedonia,MKD,2017,62.6372625
Norway,NOR,2017,91.50364489
Oman,OMN,2017,34.5947722
Pakistan,PAK,2017,28.23478898
Panama,PAN,2017,65.56691975
Papua New Guinea,PNG,2017,95.82058726
Paraguay,PRY,2017,68.6425291
Peru,PER,2017,81.87471239
Philippines,PHL,2017,61.26487589
Poland,POL,2017,74.71403682
Portugal,PRT,2017,83.74747632
Puerto Rico,PRI,2017,65.20339777
Qatar,QAT,2017,60.25663837
Romania,ROU,2017,70.68625051
Russian Federation,RUS,2017,77.78683456
Rwanda,RWA,2017,81.91943234
Samoa,WSM,2017,61.45254716
Sao Tome and Principe,STP,2017,92.49707862
Saudi Arabia,SAU,2017,25.06785502
Senegal,SEN,2017,62.37564489
Serbia,SRB,2017,74.36878471
Sierra Leone,SLE,2017,92.75821968
Singapore,SGP,2017,79.46238386
Slovak Republic,SVK,2017,77.78237607
Slovenia,SVN,2017,84.05790275
Solomon Islands,SLB,2017,95.59037181
Somalia,SOM,2017,44.29043878
South Africa,ZAF,2017,79.30752082
South Sudan,SSD,2017,91.95163764
Spain,ESP,2017,81.55017236
Sri Lanka,LKA,2017,49.05073183
St. Lucia,LCA,2017,84.72425444
St. Vincent and the Grenadines,VCT,2017,72.36082925
Sudan,SDN,2017,32.31217976
Suriname,SUR,2017,67.64029508
Sweden,SWE,2017,90.07759714
Switzerland,CHE,2017,84.11584793
Syrian Arab Republic,SYR,2017,20.43878992
Tajikistan,TJK,2017,61.52965422
Tanzania,TZA,2017,91.43730538
Thailand,THA,2017,77.90992268
Timor-Leste,TLS,2017,84.7510645
Togo,TGO,2017,92.27687367
Tonga,TON,2017,63.90951605
Trinidad and Tobago,TTO,2017,71.76361008
Tunisia,TUN,2017,38.18155599
Turkiye,TUR,2017,46.35086943
Turkmenistan,TKM,2017,103.8787054
Uganda,UGA,2017,92.43467623
Ukraine,UKR,2017,77.72955081
United Arab Emirates,ARE,2017,55.27324035
United Kingdom,GBR,2017,84.44155997
United States,USA,2017,82.07087244
Uruguay,URY,2017,76.88056283
Uzbekistan,UZB,2017,54.69062691
Vanuatu,VUT,2017,84.46881595
"Venezuela, RB",VEN,2017,62.25950211
Viet Nam,VNM,2017,88.29397667
Virgin Islands (U.S.),VIR,2017,83.7442767
West Bank and Gaza,PSE,2017,24.77663857
"Yemen, Rep.",YEM,2017,8.599781347
Zambia,ZMB,2017,79.57714181
Zimbabwe,ZWE,2017,83.39159877
Afghanistan,AFG,2018,27.7516252
Albania,ALB,2018,76.11904938
Algeria,DZA,2018,21.52035354
Angola,AGO,2018,94.46795335
Argentina,ARG,2018,69.74427383
Armenia,ARM,2018,80.6632778
Australia,AUS,2018,85.15490897
Austria,AUT,2018,83.11988243
Azerbaijan,AZE,2018,91.49744339
"Bahamas, The",BHS,2018,84.28080981
Bahrain,BHR,2018,49.7238584
Bangladesh,BGD,2018,46.91843273
Barbados,BRB,2018,87.67111592
Belarus,BLR,2018,80.68909922
Belgium,BEL,2018,82.95205212
Belize,BLZ,2018,65.4599201
Benin,BEN,2018,97.46154659
Bhutan,BTN,2018,79.09580847
Bolivia,BOL,2018,79.44676383
Bosnia and Herzegovina,BIH,2018,63.06373463
Botswana,BWA,2018,83.70686019
Brazil,BRA,2018,72.89031931
Brunei Darussalam,BRN,2018,77.97922211
Bulgaria,BGR,2018,79.36956276
Burkina Faso,BFA,2018,77.58061737
Burundi,BDI,2018,102.6890225
Cabo Verde,CPV,2018,77.95164497
Cambodia,KHM,2018,87.87795618
Cameroon,CMR,2018,81.2852565
Canada,CAN,2018,86.78785981
Central African Republic,CAF,2018,79.5821727
Chad,TCD,2018,67.72369303
Channel Islands,CHI,2018,78.50535209
Chile,CHL,2018,70.6043993
China,CHN,2018,83.20442437
Colombia,COL,2018,68.48190974
Comoros,COM,2018,64.79334287
"Congo, Dem. Rep.",COD,2018,89.71781432
"Congo, Rep.",COG,2018,95.23339343
Costa Rica,CRI,2018,63.79332949
Cote d'Ivoire,CIV,2018,77.30388423
Croatia,HRV,2018,78.61230453
Cuba,CUB,2018,65.1155448
Cyprus,CYP,2018,83.89071007
Czechia,CZE,2018,76.68033205
Denmark,DNK,2018,87.006852
Djibouti,DJI,2018,39.5329243
Dominican Republic,DOM,2018,64.79441288
Ecuador,ECU,2018,68.91008209
"Egypt, Arab Rep.",EGY,2018,27.06615518
El Salvador,SLV,2018,60.00801389
Equatorial Guinea,GNQ,2018,79.8000623
Eritrea,ERI,2018,85.60735747
Estonia,EST,2018,81.01636423
Eswatini,SWZ,2018,86.36923192
Ethiopia,ETH,2018,77.65895463
Fiji,FJI,2018,50.29122917
Finland,FIN,2018,88.28154724
France,FRA,2018,84.39996678
French Polynesia,PYF,2018,78.88028762
Gabon,GAB,2018,69.64606779
"Gambia, The",GMB,2018,88.22317293
Georgia,GEO,2018,75.50354206
Germany,DEU,2018,82.74533901
Ghana,GHA,2018,91.41136836
Greece,GRC,2018,73.67670284
Guam,GUM,2018,82.15756125
Guatemala,GTM,2018,46.04226855
Guinea,GIN,2018,67.48743251
Guinea-Bissau,GNB,2018,80.75342564
Guyana,GUY,2018,64.21733775
Haiti,HTI,2018,89.10272933
Honduras,HND,2018,60.60011791
"Hong Kong SAR, China",HKG,2018,80.54938426
Hungary,HUN,2018,78.28535005
Iceland,ISL,2018,89.39475361
India,IND,2018,34.5333368
Indonesia,IDN,2018,64.59617512
"Iran, Islamic Rep.",IRN,2018,24.55710543
Iraq,IRQ,2018,15.5396432
Ireland,IRL,2018,81.73723928
Israel,ISR,2018,86.69458809
Italy,ITA,2018,68.94771585
Jamaica,JAM,2018,79.9914945
Japan,JPN,2018,73.67058691
Jordan,JOR,2018,23.82842364
Kazakhstan,KAZ,2018,87.19414502
Kenya,KEN,2018,88.35635749
"Korea, Dem. People's Rep.",PRK,2018,89.56980941
"Korea, Rep.",KOR,2018,73.55546649
Kuwait,KWT,2018,56.5581374
Kyrgyz Republic,KGZ,2018,67.76583004
Lao PDR,LAO,2018,87.93488817
Latvia,LVA,2018,81.45670156
Lebanon,LBN,2018,40.69526437
Lesotho,LSO,2018,73.64787785
Liberia,LBR,2018,87.96149241
Libya,LBY,2018,53.08168452
Lithuania,LTU,2018,83.54505257
Luxembourg,LUX,2018,86.18023867
"Macao SAR, China",MAC,2018,85.7621308
Madagascar,MDG,2018,94.23087849
Malawi,MWI,2018,88.32941438
Malaysia,MYS,2018,66.14176255
Maldives,MDV,2018,54.97676792
Mali,MLI,2018,72.21924233
Malta,MLT,2018,69.69766344
Mauritania,MRT,2018,45.67492729
Mauritius,MUS,2018,62.62393233
Mexico,MEX,2018,56.46261114
Moldova,MDA,2018,97.93134971
Mongolia,MNG,2018,75.9974137
Montenegro,MNE,2018,72.83972348
Morocco,MAR,2018,32.0371227
Mozambique,MOZ,2018,97.88706831
Myanmar,MMR,2018,63.21057577
Namibia,NAM,2018,88.39187399
Nepal,NPL,2018,51.32835433
Netherlands,NLD,2018,85.22047233
New Caledonia,NCL,2018,85.40773206
New Zealand,NZL,2018,85.84647379
Nicaragua,NIC,2018,59.10158899
Niger,NER,2018,71.61326787
Nigeria,NGA,2018,90.1121913
North Macedonia,MKD,2018,63.42209179
Norway,NOR,2018,91.2056633
Oman,OMN,2018,34.35553697
Pakistan,PAK,2018,27.20714358
Panama,PAN,2018,67.43086916
Papua New Guinea,PNG,2018,95.77170698
Paraguay,PRY,2018,70.42695937
Peru,PER,2018,82.51331908
Philippines,PHL,2018,62.62567911
Poland,POL,2018,75.07099792
Portugal,PRT,2018,84.57753278
Puerto Rico,PRI,2018,65.15148469
Qatar,QAT,2018,61.0126794
Romania,ROU,2018,69.98732202
Russian Federation,RUS,2018,78.16918284
Rwanda,RWA,2018,80.53985723
Samoa,WSM,2018,60.5401592
Sao Tome and Principe,STP,2018,94.17697742
Saudi Arabia,SAU,2018,27.43707727
Senegal,SEN,2018,60.05484612
Serbia,SRB,2018,74.25867811
Sierra Leone,SLE,2018,91.05463561
Singapore,SGP,2018,80.33273524
Slovak Republic,SVK,2018,77.14264619
Slovenia,SVN,2018,83.58201988
Solomon Islands,SLB,2018,95.52868686
Somalia,SOM,2018,44.50454257
South Africa,ZAF,2018,79.21329368
South Sudan,SSD,2018,92.12153284
Spain,ESP,2018,81.43426795
Sri Lanka,LKA,2018,45.907118
St. Lucia,LCA,2018,84.02320167
St. Vincent and the Grenadines,VCT,2018,73.01311088
Sudan,SDN,2018,30.97370069
Suriname,SUR,2018,68.59118254
Sweden,SWE,2018,90.41991265
Switzerland,CHE,2018,84.79281898
Syrian Arab Republic,SYR,2018,20.80463592
Tajikistan,TJK,2018,61.29989784
Tanzania,TZA,2018,91.56275692
Thailand,THA,2018,77.84050074
Timor-Leste,TLS,2018,84.77668995
Togo,TGO,2018,92.58921162
Tonga,TON,2018,64.00949491
Trinidad and Tobago,TTO,2018,72.01795609
Tunisia,TUN,2018,38.71537842
Turkiye,TUR,2018,47.03376394
Turkmenistan,TKM,2018,104.0922571
Uganda,UGA,2018,91.54689056
Ukraine,UKR,2018,76.85786156
United Arab Emirates,ARE,2018,55.44545897
United Kingdom,GBR,2018,84.61674268
United States,USA,2018,82.18147421
Uruguay,URY,2018,77.5878087
Uzbekistan,UZB,2018,54.33477213
Vanuatu,VUT,2018,84.88584404
"Venezuela, RB",VEN,2018,62.15251353
Viet Nam,VNM,2018,88.45985827
Virgin Islands (U.S.),VIR,2018,84.34592684
West Bank and Gaza,PSE,2018,25.1645346
"Yemen, Rep.",YEM,2018,8.506404468
Zambia,ZMB,2018,80.16110932
Zimbabwe,ZWE,2018,83.89631228
Afghanistan,AFG,2019,26.37539987
Albania,ALB,2019,77.83365684
Algeria,DZA,2019,21.33062987
Angola,AGO,2019,94.59406916
Argentina,ARG,2019,70.44138572
Armenia,ARM,2019,82.83344792
Australia,AUS,2019,85.58291683
Austria,AUT,2019,83.42450108
Azerbaijan,AZE,2019,91.43597856
"Bahamas, The",BHS,2019,84.07278134
Bahrain,BHR,2019,49.32783467
Bangladesh,BGD,2019,48.62074927
Barbados,BRB,2019,89.72326256
Belarus,BLR,2019,81.63065108
Belgium,BEL,2019,83.34521627
Belize,BLZ,2019,69.38088584
Benin,BEN,2019,97.95329344
Bhutan,BTN,2019,85.15350692
Bolivia,BOL,2019,80.73786976
Bosnia and Herzegovina,BIH,2019,63.1507632
Botswana,BWA,2019,84.1229583
Brazil,BRA,2019,73.82303082
Brunei Darussalam,BRN,2019,75.15800969
Bulgaria,BGR,2019,79.21608833
Burkina Faso,BFA,2019,77.5686441
Burundi,BDI,2019,103.0090973
Cabo Verde,CPV,2019,78.38859169
Cambodia,KHM,2019,87.78398764
Cameroon,CMR,2019,79.93018267
Canada,CAN,2019,86.91327544
Central African Republic,CAF,2019,79.60507996
Chad,TCD,2019,67.8478039
Channel Islands,CHI,2019,79.09922804
Chile,CHL,2019,71.41926995
China,CHN,2019,83.46233511
Colombia,COL,2019,68.26567304
Comoros,COM,2019,66.64266365
"Congo, Dem. Rep.",COD,2019,89.55285952
"Congo, Rep.",COG,2019,95.41845801
Costa Rica,CRI,2019,69.16014114
Cote d'Ivoire,CIV,2019,77.20937904
Croatia,HRV,2019,77.81320395
Cuba,CUB,2019,64.87302594
Cyprus,CYP,2019,83.38351394
Czechia,CZE,2019,76.59188097
Denmark,DNK,2019,86.74994023
Djibouti,DJI,2019,40.34504625
Dominican Republic,DOM,2019,67.21804319
Ecuador,ECU,2019,69.59497493
"Egypt, Arab Rep.",EGY,2019,23.19007999
El Salvador,SLV,2019,60.38714592
Equatorial Guinea,GNQ,2019,80.08752735
Eritrea,ERI,2019,85.96749667
Estonia,EST,2019,82.07374327
Eswatini,SWZ,2019,87.45792366
Ethiopia,ETH,2019,76.17963703
Fiji,FJI,2019,50.27728121
Finland,FIN,2019,88.6183132
France,FRA,2019,84.83482225
French Polynesia,PYF,2019,79.08472197
Gabon,GAB,2019,69.52474196
"Gambia, The",GMB,2019,89.19694451
Georgia,GEO,2019,75.10157022
Germany,DEU,2019,83.00034267
Ghana,GHA,2019,92.51091671
Greece,GRC,2019,73.95346466
Guam,GUM,2019,82.50391649
Guatemala,GTM,2019,45.22706774
Guinea,GIN,2019,65.76278042
Guinea-Bissau,GNB,2019,81.31433096
Guyana,GUY,2019,64.43362142
Haiti,HTI,2019,88.74808483
Honduras,HND,2019,57.40815207
"Hong Kong SAR, China",HKG,2019,81.57004759
Hungary,HUN,2019,77.41372041
Iceland,ISL,2019,89.7118152
India,IND,2019,34.65745914
Indonesia,IDN,2019,65.31355932
"Iran, Islamic Rep.",IRN,2019,23.87017081
Iraq,IRQ,2019,15.73066298
Ireland,IRL,2019,81.88665501
Israel,ISR,2019,87.16120034
Italy,ITA,2019,69.44727545
Jamaica,JAM,2019,80.49020003
Japan,JPN,2019,74.65365416
Jordan,JOR,2019,21.87465034
Kazakhstan,KAZ,2019,87.27135124
Kenya,KEN,2019,86.16399649
"Korea, Dem. People's Rep.",PRK,2019,89.57509369
"Korea, Rep.",KOR,2019,74.38064543
Kuwait,KWT,2019,56.51376147
Kyrgyz Republic,KGZ,2019,66.88414035
Lao PDR,LAO,2019,87.71651641
Latvia,LVA,2019,81.67790571
Lebanon,LBN,2019,41.59411439
Lesotho,LSO,2019,72.88562028
Liberia,LBR,2019,88.19323719
Libya,LBY,2019,53.07116105
Lithuania,LTU,2019,84.36804317
Luxembourg,LUX,2019,84.53742802
"Macao SAR, China",MAC,2019,85.48754335
Madagascar,MDG,2019,94.38078097
Malawi,MWI,2019,88.95775042
Malaysia,MYS,2019,66.02823223
Maldives,MDV,2019,53.45982434
Mali,MLI,2019,72.38543919
Malta,MLT,2019,71.2807464
Mauritania,MRT,2019,45.80998761
Mauritius,MUS,2019,63.65107223
Mexico,MEX,2019,58.38425766
Moldova,MDA,2019,96.87145611
Mongolia,MNG,2019,78.68197703
Montenegro,MNE,2019,74.33690052
Morocco,MAR,2019,31.30325385
Mozambique,MOZ,2019,97.97454719
Myanmar,MMR,2019,61.66162699
Namibia,NAM,2019,88.0827696
Nepal,NPL,2019,51.09076418
Netherlands,NLD,2019,85.80224556
New Caledonia,NCL,2019,85.61598688
New Zealand,NZL,2019,86.86527464
Nicaragua,NIC,2019,58.75152999
Niger,NER,2019,71.2091611
Nigeria,NGA,2019,90.09661271
North Macedonia,MKD,2019,67.07044149
Norway,NOR,2019,90.85846596
Oman,OMN,2019,34.06500299
Pakistan,PAK,2019,29.46276906
Panama,PAN,2019,69.69116028
Papua New Guinea,PNG,2019,95.59555137
Paraguay,PRY,2019,71.24058595
Peru,PER,2019,82.57179233
Philippines,PHL,2019,64.14707057
Poland,POL,2019,74.53583716
Portugal,PRT,2019,85.05818851
Puerto Rico,PRI,2019,65.71765364
Qatar,QAT,2019,61.63596153
Romania,ROU,2019,69.59705184
Russian Federation,RUS,2019,78.27241576
Rwanda,RWA,2019,78.95818428
Samoa,WSM,2019,59.80587476
Sao Tome and Principe,STP,2019,96.18782926
Saudi Arabia,SAU,2019,29.9364779
Senegal,SEN,2019,58.07054136
Serbia,SRB,2019,75.09196344
Sierra Leone,SLE,2019,91.95847232
Singapore,SGP,2019,81.71244283
Slovak Republic,SVK,2019,77.36372264
Slovenia,SVN,2019,84.16687689
Solomon Islands,SLB,2019,95.51610691
Somalia,SOM,2019,44.67837248
South Africa,ZAF,2019,79.76298159
South Sudan,SSD,2019,93.84379665
Spain,ESP,2019,81.94214811
Sri Lanka,LKA,2019,47.16531616
St. Lucia,LCA,2019,87.61017342
St. Vincent and the Grenadines,VCT,2019,73.28246304
Sudan,SDN,2019,29.41055431
Suriname,SUR,2019,68.77705385
Sweden,SWE,2019,90.38217874
Switzerland,CHE,2019,85.56681453
Syrian Arab Republic,SYR,2019,21.30118577
Tajikistan,TJK,2019,61.09338521
Tanzania,TZA,2019,91.67380993
Thailand,THA,2019,78.02874743
Timor-Leste,TLS,2019,84.78726959
Togo,TGO,2019,92.93620279
Tonga,TON,2019,64.04430132
Trinidad and Tobago,TTO,2019,72.25604576
Tunisia,TUN,2019,39.25497057
Turkiye,TUR,2019,47.73366372
Turkmenistan,TKM,2019,104.317671
Uganda,UGA,2019,91.41322242
Ukraine,UKR,2019,76.00148253
United Arab Emirates,ARE,2019,59.32366096
United Kingdom,GBR,2019,86.03102569
United States,USA,2019,82.63175484
Uruguay,URY,2019,78.23128305
Uzbekistan,UZB,2019,54.00193521
Vanuatu,VUT,2019,85.32747086
"Venezuela, RB",VEN,2019,61.75742214
Viet Nam,VNM,2019,87.11504727
Virgin Islands (U.S.),VIR,2019,85.13730401
West Bank and Gaza,PSE,2019,25.83950635
"Yemen, Rep.",YEM,2019,8.42567635
Zambia,ZMB,2019,77.64513248
Zimbabwe,ZWE,2019,84.43279473
Afghanistan,AFG,2020,24.67865169
Albania,ALB,2020,77.56052712
Algeria,DZA,2020,21.24885387
Angola,AGO,2020,94.67347018
Argentina,ARG,2020,70.51346227
Armenia,ARM,2020,84.94319016
Australia,AUS,2020,85.81100342
Austria,AUT,2020,83.99087452
Azerbaijan,AZE,2020,91.54533045
"Bahamas, The",BHS,2020,84.0372255
Bahrain,BHR,2020,49.04766406
Bangladesh,BGD,2020,50.11223693
Barbados,BRB,2020,89.59663442
Belarus,BLR,2020,81.10237324
Belgium,BEL,2020,83.45767944
Belize,BLZ,2020,66.28903226
Benin,BEN,2020,97.04301783
Bhutan,BTN,2020,87.60863822
Bolivia,BOL,2020,81.83939311
Bosnia and Herzegovina,BIH,2020,62.81439294
Botswana,BWA,2020,84.3038088
Brazil,BRA,2020,70.79787907
Brunei Darussalam,BRN,2020,75.50167456
Bulgaria,BGR,2020,78.64958846
Burkina Faso,BFA,2020,77.26344686
Burundi,BDI,2020,100.0292863
Cabo Verde,CPV,2020,78.18152324
Cambodia,KHM,2020,87.76983332
Cameroon,CMR,2020,78.42061153
Canada,CAN,2020,86.14766347
Central African Republic,CAF,2020,79.60470059
Chad,TCD,2020,67.84836934
Channel Islands,CHI,2020,78.99547609
Chile,CHL,2020,67.30652448
China,CHN,2020,83.29810901
Colombia,COL,2020,67.02600622
Comoros,COM,2020,67.78878227
"Congo, Dem. Rep.",COD,2020,90.3121862
"Congo, Rep.",COG,2020,95.4188214
Costa Rica,CRI,2020,66.56994648
Cote d'Ivoire,CIV,2020,77.5841519
Croatia,HRV,2020,76.42318333
Cuba,CUB,2020,64.20607275
Cyprus,CYP,2020,81.60473183
Czechia,CZE,2020,75.89629389
Denmark,DNK,2020,86.99640585
Djibouti,DJI,2020,40.17881091
Dominican Republic,DOM,2020,64.3572689
Ecuador,ECU,2020,66.93265862
"Egypt, Arab Rep.",EGY,2020,21.33635169
El Salvador,SLV,2020,59.95854636
Equatorial Guinea,GNQ,2020,79.85076976
Eritrea,ERI,2020,85.93780089
Estonia,EST,2020,81.84188285
Eswatini,SWZ,2020,87.51916173
Ethiopia,ETH,2020,74.37906527
Fiji,FJI,2020,50.18583441
Finland,FIN,2020,88.05317502
France,FRA,2020,85.00339674
French Polynesia,PYF,2020,79.00021576
Gabon,GAB,2020,69.37247107
"Gambia, The",GMB,2020,88.63940755
Georgia,GEO,2020,75.30076111
Germany,DEU,2020,83.44259565
Ghana,GHA,2020,93.19689189
Greece,GRC,2020,73.64927766
Guam,GUM,2020,82.2449102
Guatemala,GTM,2020,46.48766142
Guinea,GIN,2020,65.76267991
Guinea-Bissau,GNB,2020,81.3148638
Guyana,GUY,2020,64.34335316
Haiti,HTI,2020,88.7475425
Honduras,HND,2020,65.12188442
"Hong Kong SAR, China",HKG,2020,81.98492386
Hungary,HUN,2020,77.35170129
Iceland,ISL,2020,89.38494879
India,IND,2020,34.34663707
Indonesia,IDN,2020,65.14025443
"Iran, Islamic Rep.",IRN,2020,20.12259503
Iraq,IRQ,2020,15.71005704
Ireland,IRL,2020,81.74825902
Israel,ISR,2020,87.92628774
Italy,ITA,2020,68.62700825
Jamaica,JAM,2020,79.6037715
Japan,JPN,2020,74.40576298
Jordan,JOR,2020,23.83825519
Kazakhstan,KAZ,2020,87.07152673
Kenya,KEN,2020,86.15341934
"Korea, Dem. People's Rep.",PRK,2020,89.33065157
"Korea, Rep.",KOR,2020,74.31436443
Kuwait,KWT,2020,56.16696906
Kyrgyz Republic,KGZ,2020,68.86798573
Lao PDR,LAO,2020,87.41146121
Latvia,LVA,2020,81.5133778
Lebanon,LBN,2020,41.40348729
Lesotho,LSO,2020,72.88510101
Liberia,LBR,2020,88.19326848
Libya,LBY,2020,52.84448866
Lithuania,LTU,2020,83.29533739
Luxembourg,LUX,2020,87.04185019
"Macao SAR, China",MAC,2020,85.35874108
Madagascar,MDG,2020,94.2274535
Malawi,MWI,2020,85.45166574
Malaysia,MYS,2020,65.82631977
Maldives,MDV,2020,53.36432753
Mali,MLI,2020,62.53937275
Malta,MLT,2020,73.68762609
Mauritania,MRT,2020,45.81107997
Mauritius,MUS,2020,63.46541303
Mexico,MEX,2020,57.52910666
Moldova,MDA,2020,95.05102539
Mongolia,MNG,2020,78.19254284
Montenegro,MNE,2020,74.48018696
Morocco,MAR,2020,30.34775606
Mozambique,MOZ,2020,97.97407525
Myanmar,MMR,2020,58.87091467
Namibia,NAM,2020,87.9472022
Nepal,NPL,2020,51.08985181
Netherlands,NLD,2020,86.51756293
New Caledonia,NCL,2020,85.88691511
New Zealand,NZL,2020,86.03479001
Nicaragua,NIC,2020,58.75198825
Niger,NER,2020,71.20960076
Nigeria,NGA,2020,89.85036011
North Macedonia,MKD,2020,66.33337031
Norway,NOR,2020,91.22566977
Oman,OMN,2020,34.16906718
Pakistan,PAK,2020,29.77600102
Panama,PAN,2020,72.61444188
Papua New Guinea,PNG,2020,95.48028039
Paraguay,PRY,2020,68.63296555
Peru,PER,2020,76.56839547
Philippines,PHL,2020,63.62904428
Poland,POL,2020,74.01249603
Portugal,PRT,2020,84.83590194
Puerto Rico,PRI,2020,65.5683326
Qatar,QAT,2020,62.01249596
Romania,ROU,2020,68.98157848
Russian Federation,RUS,2020,78.59443294
Rwanda,RWA,2020,81.79967368
Samoa,WSM,2020,58.94914349
Sao Tome and Principe,STP,2020,95.89041096
Saudi Arabia,SAU,2020,36.25702056
Senegal,SEN,2020,58.07085686
Serbia,SRB,2020,75.12002213
Sierra Leone,SLE,2020,91.96037821
Singapore,SGP,2020,82.06682889
Slovak Republic,SVK,2020,77.89893217
Slovenia,SVN,2020,84.93538481
Solomon Islands,SLB,2020,95.54214888
Somalia,SOM,2020,44.67825752
South Africa,ZAF,2020,79.45713027
South Sudan,SSD,2020,93.843957
Spain,ESP,2020,81.91030755
Sri Lanka,LKA,2020,44.50488439
St. Lucia,LCA,2020,84.65234402
St. Vincent and the Grenadines,VCT,2020,73.06410588
Sudan,SDN,2020,27.50076427
Suriname,SUR,2020,68.55799028
Sweden,SWE,2020,89.4700335
Switzerland,CHE,2020,85.23876271
Syrian Arab Republic,SYR,2020,21.3008208
Tajikistan,TJK,2020,61.09398016
Tanzania,TZA,2020,89.56701954
Thailand,THA,2020,78.33381928
Timor-Leste,TLS,2020,84.78578247
Togo,TGO,2020,92.93720278
Tonga,TON,2020,64.15295551
Trinidad and Tobago,TTO,2020,72.22661512
Tunisia,TUN,2020,40.06053894
Turkiye,TUR,2020,45.30225997
Turkmenistan,TKM,2020,104.0459255
Uganda,UGA,2020,90.24935366
Ukraine,UKR,2020,75.88546186
United Arab Emirates,ARE,2020,65.4590459
United Kingdom,GBR,2020,86.85266093
United States,USA,2020,82.65178942
Uruguay,URY,2020,79.17667089
Uzbekistan,UZB,2020,54.2712382
Vanuatu,VUT,2020,85.32769218
"Venezuela, RB",VEN,2020,61.62794295
Viet Nam,VNM,2020,86.3417682
Virgin Islands (U.S.),VIR,2020,85.13705228
West Bank and Gaza,PSE,2020,24.74771817
"Yemen, Rep.",YEM,2020,8.418072471
Zambia,ZMB,2020,80.52274813
Zimbabwe,ZWE,2020,83.77195451
Afghanistan,AFG,2021,21.79586256
Albania,ALB,2021,78.42180037
Algeria,DZA,2021,21.36364338
Angola,AGO,2021,95.60348138
Argentina,ARG,2021,70.95262296
Armenia,ARM,2021,84.31429274
Australia,AUS,2021,86.53400746
Austria,AUT,2021,83.65450011
Azerbaijan,AZE,2021,91.98507992
"Bahamas, The",BHS,2021,84.53485325
Bahrain,BHR,2021,49.29577465
Bangladesh,BGD,2021,52.03519811
Barbados,BRB,2021,89.87883636
Belarus,BLR,2021,81.49600214
Belgium,BEL,2021,83.77227219
Belize,BLZ,2021,64.22680002
Benin,BEN,2021,96.88204358
Bhutan,BTN,2021,89.32779124
Bolivia,BOL,2021,84.03562094
Bosnia and Herzegovina,BIH,2021,63.40018156
Botswana,BWA,2021,85.30348201
Brazil,BRA,2021,71.97794662
Brunei Darussalam,BRN,2021,76.32121465
Bulgaria,BGR,2021,78.94177509
Burkina Faso,BFA,2021,77.08366647
Burundi,BDI,2021,103.4797593
Cabo Verde,CPV,2021,78.81709854
Cambodia,KHM,2021,85.91225903
Cameroon,CMR,2021,77.45519665
Canada,CAN,2021,86.79129153
Central African Republic,CAF,2021,79.94584263
Chad,TCD,2021,68.15662991
Channel Islands,CHI,2021,79.30833346
Chile,CHL,2021,67.72762963
China,CHN,2021,83.90268654
Colombia,COL,2021,66.64904113
Comoros,COM,2021,69.30741643
"Congo, Dem. Rep.",COD,2021,89.9032151
"Congo, Rep.",COG,2021,95.93988466
Costa Rica,CRI,2021,68.14636991
Cote d'Ivoire,CIV,2021,78.3586103
Croatia,HRV,2021,77.73674806
Cuba,CUB,2021,63.86884935
Cyprus,CYP,2021,81.14547412
Czechia,CZE,2021,76.16226677
Denmark,DNK,2021,86.48038386
Djibouti,DJI,2021,40.67853319
Dominican Republic,DOM,2021,67.50889162
Ecuador,ECU,2021,68.59561908
"Egypt, Arab Rep.",EGY,2021,22.20070347
El Salvador,SLV,2021,59.90831644
Equatorial Guinea,GNQ,2021,80.30922366
Eritrea,ERI,2021,86.15736363
Estonia,EST,2021,83.28576371
Eswatini,SWZ,2021,88.45989263
Ethiopia,ETH,2021,72.73290199
Fiji,FJI,2021,50.34827178
Finland,FIN,2021,87.73137981
France,FRA,2021,86.20027068
French Polynesia,PYF,2021,79.19987993
Gabon,GAB,2021,69.84659131
"Gambia, The",GMB,2021,89.10597402
Georgia,GEO,2021,75.47307029
Germany,DEU,2021,83.38739012
Ghana,GHA,2021,94.42321109
Greece,GRC,2021,74.58877892
Guam,GUM,2021,82.69204927
Guatemala,GTM,2021,47.83865691
Guinea,GIN,2021,65.72854416
Guinea-Bissau,GNB,2021,81.51658082
Guyana,GUY,2021,64.25722752
Haiti,HTI,2021,89.45658296
Honduras,HND,2021,65.68635233
"Hong Kong SAR, China",HKG,2021,82.60114096
Hungary,HUN,2021,78.18703659
Iceland,ISL,2021,89.24971282
India,IND,2021,36.49623506
Indonesia,IDN,2021,65.29765115
"Iran, Islamic Rep.",IRN,2021,19.18374527
Iraq,IRQ,2021,15.77804793
Ireland,IRL,2021,83.42687736
Israel,ISR,2021,89.00153564
Italy,ITA,2021,69.29598999
Jamaica,JAM,2021,79.72884411
Japan,JPN,2021,75.08874826
Jordan,JOR,2021,22.75008146
Kazakhstan,KAZ,2021,87.28098637
Kenya,KEN,2021,86.58671383
"Korea, Dem. People's Rep.",PRK,2021,89.70173199
"Korea, Rep.",KOR,2021,74.97833804
Kuwait,KWT,2021,56.21980748
Kyrgyz Republic,KGZ,2021,67.28376095
Lao PDR,LAO,2021,87.68640383
Latvia,LVA,2021,80.56489276
Lebanon,LBN,2021,41.95404043
Lesotho,LSO,2021,73.10881298
Liberia,LBR,2021,88.46514497
Libya,LBY,2021,52.9389636
Lithuania,LTU,2021,84.32153566
Luxembourg,LUX,2021,86.26149673
"Macao SAR, China",MAC,2021,85.71675256
Madagascar,MDG,2021,94.53074026
Malawi,MWI,2021,89.25338252
Malaysia,MYS,2021,65.52797011
Maldives,MDV,2021,53.58215358
Mali,MLI,2021,72.69672007
Malta,MLT,2021,74.58812341
Mauritania,MRT,2021,46.2024423
Mauritius,MUS,2021,63.08063945
Mexico,MEX,2021,58.18867137
Moldova,MDA,2021,94.49971917
Mongolia,MNG,2021,76.32040452
Montenegro,MNE,2021,74.60700459
Morocco,MAR,2021,29.68716382
Mozambique,MOZ,2021,98.36628644
Myanmar,MMR,2021,58.87027368
Namibia,NAM,2021,88.65195564
Nepal,NPL,2021,51.03022364
Netherlands,NLD,2021,86.83630028
New Caledonia,NCL,2021,85.37004059
New Zealand,NZL,2021,87.06316446
Nicaragua,NIC,2021,59.38498403
Niger,NER,2021,71.56382321
Nigeria,NGA,2021,89.91810355
North Macedonia,MKD,2021,64.84790875
Norway,NOR,2021,88.97851402
Oman,OMN,2021,34.64301698
Pakistan,PAK,2021,30.4094954
Panama,PAN,2021,63.55860599
Papua New Guinea,PNG,2021,95.97145093
Paraguay,PRY,2021,71.18559399
Peru,PER,2021,81.88327104
Philippines,PHL,2021,64.06231884
Poland,POL,2021,75.80113313
Portugal,PRT,2021,86.33457947
Puerto Rico,PRI,2021,65.85330489
Qatar,QAT,2021,63.98132795
Romania,ROU,2021,67.86638102
Russian Federation,RUS,2021,78.55637513
Rwanda,RWA,2021,81.70784771
Samoa,WSM,2021,58.23685627
Sao Tome and Principe,STP,2021,96.79552391
Saudi Arabia,SAU,2021,42.79086635
Senegal,SEN,2021,58.61551449
Serbia,SRB,2021,76.20977685
Sierra Leone,SLE,2021,92.40708792
Singapore,SGP,2021,84.14857203
Slovak Republic,SVK,2021,82.5624282
Slovenia,SVN,2021,84.47537642
Solomon Islands,SLB,2021,95.99957742
Somalia,SOM,2021,44.78119519
South Africa,ZAF,2021,79.4765421
South Sudan,SSD,2021,94.19279907
Spain,ESP,2021,83.50786592
Sri Lanka,LKA,2021,44.66574471
St. Lucia,LCA,2021,85.28746998
St. Vincent and the Grenadines,VCT,2021,73.71593007
Sudan,SDN,2021,25.54026867
Suriname,SUR,2021,69.10463626
Sweden,SWE,2021,89.81264464
Switzerland,CHE,2021,85.67579827
Syrian Arab Republic,SYR,2021,21.28127841
Tajikistan,TJK,2021,61.79558227
Tanzania,TZA,2021,92.26113223
Thailand,THA,2021,78.64347318
Timor-Leste,TLS,2021,84.92317677
Togo,TGO,2021,93.22136075
Tonga,TON,2021,64.66777688
Trinidad and Tobago,TTO,2021,73.2730707
Tunisia,TUN,2021,41.20669451
Turkiye,TUR,2021,46.7098981
Turkmenistan,TKM,2021,104.8236378
Uganda,UGA,2021,88.77006621
Ukraine,UKR,2021,75.98121916
United Arab Emirates,ARE,2021,55.92356123
United Kingdom,GBR,2021,87.75114984
United States,USA,2021,82.59029974
Uruguay,URY,2021,79.66474892
Uzbekistan,UZB,2021,54.41081512
Vanuatu,VUT,2021,87.31036714
"Venezuela, RB",VEN,2021,62.01434179
Viet Nam,VNM,2021,87.77279256
Virgin Islands (U.S.),VIR,2021,85.53264901
West Bank and Gaza,PSE,2021,24.98753828
"Yemen, Rep.",YEM,2021,8.44632626
Zambia,ZMB,2021,81.62339033
Zimbabwe,ZWE,2021,83.83205979
Afghanistan,AFG,2022,7.346386614
Albania,ALB,2022,78.22524894
Algeria,DZA,2022,20.84337884
Angola,AGO,2022,93.61759288
Argentina,ARG,2022,72.59037409
Armenia,ARM,2022,82.66521265
Australia,AUS,2022,87.48157403
Austria,AUT,2022,83.96230682
Azerbaijan,AZE,2022,92.04198359
"Bahamas, The",BHS,2022,84.56506771
Bahrain,BHR,2022,49.84934483
Bangladesh,BGD,2022,53.67876539
Barbados,BRB,2022,88.62620473
Belarus,BLR,2022,81.07668811
Belgium,BEL,2022,84.33322657
Belize,BLZ,2022,64.91594681
Benin,BEN,2022,96.04511006
Bhutan,BTN,2022,72.81867096
Bolivia,BOL,2022,84.49565822
Bosnia and Herzegovina,BIH,2022,63.70173235
Botswana,BWA,2022,86.40197223
Brazil,BRA,2022,73.11524365
Brunei Darussalam,BRN,2022,73.45735586
Bulgaria,BGR,2022,80.12434151
Burkina Faso,BFA,2022,76.76371676
Burundi,BDI,2022,103.11321
Cabo Verde,CPV,2022,77.8323833
Cambodia,KHM,2022,85.52573793
Cameroon,CMR,2022,76.84170912
Canada,CAN,2022,87.78092513
Central African Republic,CAF,2022,79.49535578
Chad,TCD,2022,67.17277487
Channel Islands,CHI,2022,79.44033302
Chile,CHL,2022,70.97598002
China,CHN,2022,83.66602875
Colombia,COL,2022,67.0608375
Comoros,COM,2022,68.72277575
"Congo, Dem. Rep.",COD,2022,90.47992221
"Congo, Rep.",COG,2022,95.13742375
Costa Rica,CRI,2022,68.74521492
Cote d'Ivoire,CIV,2022,78.93059869
Croatia,HRV,2022,79.5328576
Cuba,CUB,2022,61.22520067
Cyprus,CYP,2022,82.74515104
Czechia,CZE,2022,76.89961544
Denmark,DNK,2022,88.15970629
Djibouti,DJI,2022,40.47577477
Dominican Republic,DOM,2022,66.120011
Ecuador,ECU,2022,69.62757435
"Egypt, Arab Rep.",EGY,2022,21.67719718
El Salvador,SLV,2022,60.18541522
Equatorial Guinea,GNQ,2022,79.59795845
Eritrea,ERI,2022,85.86585019
Estonia,EST,2022,84.95147688
Eswatini,SWZ,2022,88.80922755
Ethiopia,ETH,2022,72.95393986
Fiji,FJI,2022,50.25982991
Finland,FIN,2022,89.9166261
France,FRA,2022,86.19451968
French Polynesia,PYF,2022,78.29234447
Gabon,GAB,2022,69.34869706
"Gambia, The",GMB,2022,89.60915157
Georgia,GEO,2022,75.42156432
Germany,DEU,2022,83.63797746
Ghana,GHA,2022,94.99216325
Greece,GRC,2022,74.18239519
Guam,GUM,2022,82.2406881
Guatemala,GTM,2022,50.16037748
Guinea,GIN,2022,66.41555822
Guinea-Bissau,GNB,2022,81.25747209
Guyana,GUY,2022,66.38140604
Haiti,HTI,2022,85.91233522
Honduras,HND,2022,61.21108183
"Hong Kong SAR, China",HKG,2022,82.24406811
Hungary,HUN,2022,78.71867451
Iceland,ISL,2022,90.2602801
India,IND,2022,38.61945187
Indonesia,IDN,2022,64.45449975
"Iran, Islamic Rep.",IRN,2022,20.03093351
Iraq,IRQ,2022,15.2643129
Ireland,IRL,2022,84.58726078
Israel,ISR,2022,89.21933628
Italy,ITA,2022,69.74626455
Jamaica,JAM,2022,81.34833565
Japan,JPN,2022,75.9109255
Jordan,JOR,2022,22.71718556
Kazakhstan,KAZ,2022,86.810794
Kenya,KEN,2022,86.77599878
"Korea, Dem. People's Rep.",PRK,2022,89.56015449
"Korea, Rep.",KOR,2022,75.73839082
Kuwait,KWT,2022,56.37066947
Kyrgyz Republic,KGZ,2022,67.34680897
Lao PDR,LAO,2022,86.87324821
Latvia,LVA,2022,81.62334499
Lebanon,LBN,2022,41.75116325
Lesotho,LSO,2022,72.20221912
Liberia,LBR,2022,88.2020202
Libya,LBY,2022,52.39955445
Lithuania,LTU,2022,85.08782219
Luxembourg,LUX,2022,87.88528255
"Macao SAR, China",MAC,2022,86.24112704
Madagascar,MDG,2022,94.21530036
Malawi,MWI,2022,88.88329065
Malaysia,MYS,2022,65.90380833
Maldives,MDV,2022,53.51374773
Mali,MLI,2022,72.20736909
Malta,MLT,2022,77.79351545
Mauritania,MRT,2022,45.73574516
Mauritius,MUS,2022,62.16071454
Mexico,MEX,2022,59.50280674
Moldova,MDA,2022,97.01008841
Mongolia,MNG,2022,77.41963273
Montenegro,MNE,2022,74.40337758
Morocco,MAR,2022,28.44816316
Mozambique,MOZ,2022,97.60157732
Myanmar,MMR,2022,58.91354905
Namibia,NAM,2022,87.69496303
Nepal,NPL,2022,51.25931446
Netherlands,NLD,2022,86.86271509
New Caledonia,NCL,2022,83.70660427
New Zealand,NZL,2022,87.76495167
Nicaragua,NIC,2022,60.37147175
Niger,NER,2022,71.31173697
Nigeria,NGA,2022,89.9645092
North Macedonia,MKD,2022,65.45595533
Norway,NOR,2022,88.15926949
Oman,OMN,2022,35.0512043
Pakistan,PAK,2022,30.14868357
Panama,PAN,2022,64.5819398
Papua New Guinea,PNG,2022,95.08119778
Paraguay,PRY,2022,71.69196738
Peru,PER,2022,80.95827418
Philippines,PHL,2022,69.26037943
Poland,POL,2022,76.83540312
Portugal,PRT,2022,86.60847043
Puerto Rico,PRI,2022,65.28874531
Qatar,QAT,2022,66.6282179
Romania,ROU,2022,68.67492881
Russian Federation,RUS,2022,79.0960452
Rwanda,RWA,2022,82.69579679
Samoa,WSM,2022,55.11420938
Sao Tome and Principe,STP,2022,96.11586024
Saudi Arabia,SAU,2022,42.32640699
Senegal,SEN,2022,58.42587058
Serbia,SRB,2022,77.1128801
Sierra Leone,SLE,2022,91.72462866
Singapore,SGP,2022,82.68960351
Slovak Republic,SVK,2022,83.13603726
Slovenia,SVN,2022,83.88216794
Solomon Islands,SLB,2022,95.43590575
Somalia,SOM,2022,44.4774725
South Africa,ZAF,2022,80.07840174
South Sudan,SSD,2022,93.59495463
Spain,ESP,2022,83.1901122
Sri Lanka,LKA,2022,45.39369739
St. Lucia,LCA,2022,82.63242545
St. Vincent and the Grenadines,VCT,2022,73.41153989
Sudan,SDN,2022,23.44038929
Suriname,SUR,2022,69.58774181
Sweden,SWE,2022,89.67552919
Switzerland,CHE,2022,85.50234977
Syrian Arab Republic,SYR,2022,21.30041648
Tajikistan,TJK,2022,61.56689559
Tanzania,TZA,2022,91.77434677
Thailand,THA,2022,79.0992857
Timor-Leste,TLS,2022,84.83674829
Togo,TGO,2022,93.1521197
Tonga,TON,2022,64.35418036
Trinidad and Tobago,TTO,2022,74.68235364
Tunisia,TUN,2022,41.56634695
Turkiye,TUR,2022,49.09845489
Turkmenistan,TKM,2022,104.1553614
Uganda,UGA,2022,89.28084308
United Arab Emirates,ARE,2022,59.42231879
United Kingdom,GBR,2022,87.01087202
United States,USA,2022,82.94473805
Uruguay,URY,2022,77.96814368
Uzbekistan,UZB,2022,54.44247398
Vanuatu,VUT,2022,85.11855963
"Venezuela, RB",VEN,2022,54.82409498
Viet Nam,VNM,2022,87.96233351
Virgin Islands (U.S.),VIR,2022,85.38926232
West Bank and Gaza,PSE,2022,26.26220595
"Yemen, Rep.",YEM,2022,8.21924595
Zambia,ZMB,2022,82.65510851
Zimbabwe,ZWE,2022,83.35053272
Afghanistan,AFG,2023,7.339854484
Albania,ALB,2023,78.26400329
Algeria,DZA,2023,21.06235841
Angola,AGO,2023,93.40272463
Argentina,ARG,2023,73.60864005
Armenia,ARM,2023,82.98043342
Australia,AUS,2023,87.44182134
Austria,AUT,2023,84.39739906
Azerbaijan,AZE,2023,91.87543336
"Bahamas, The",BHS,2023,85.25237298
Bahrain,BHR,2023,50.08251017
Bangladesh,BGD,2023,53.90088413
Barbados,BRB,2023,89.76678909
Belarus,BLR,2023,81.05798432
Belgium,BEL,2023,84.2294755
Belize,BLZ,2023,65.6477749
Benin,BEN,2023,96.32404498
Bhutan,BTN,2023,78.47401247
Bolivia,BOL,2023,84.73140325
Bosnia and Herzegovina,BIH,2023,65.20907216
Botswana,BWA,2023,86.65345994
Brazil,BRA,2023,72.76793041
Brunei Darussalam,BRN,2023,73.23537058
Bulgaria,BGR,2023,80.82434722
Burkina Faso,BFA,2023,76.83891256
Burundi,BDI,2023,103.2134256
Cabo Verde,CPV,2023,78.26485152
Cambodia,KHM,2023,85.56460193
Cameroon,CMR,2023,76.92866854
Canada,CAN,2023,87.71899617
Central African Republic,CAF,2023,79.44043626
Chad,TCD,2023,67.30328073
Channel Islands,CHI,2023,78.72119028
Chile,CHL,2023,72.88244947
China,CHN,2023,83.73093469
Colombia,COL,2023,68.05553733
Comoros,COM,2023,68.90470608
"Congo, Dem. Rep.",COD,2023,90.8519604
"Congo, Rep.",COG,2023,95.18896892
Costa Rica,CRI,2023,62.91185662
Cote d'Ivoire,CIV,2023,79.2439622
Croatia,HRV,2023,81.47661678
Cuba,CUB,2023,60.70880382
Cyprus,CYP,2023,85.24820566
Czechia,CZE,2023,78.36859073
Denmark,DNK,2023,88.23390571
Djibouti,DJI,2023,40.65194669
Dominican Republic,DOM,2023,68.66405872
Ecuador,ECU,2023,68.46159862
"Egypt, Arab Rep.",EGY,2023,21.80294696
El Salvador,SLV,2023,60.8435779
Equatorial Guinea,GNQ,2023,79.23481745
Eritrea,ERI,2023,85.85373375
Estonia,EST,2023,86.24201842
Eswatini,SWZ,2023,89.65723873
Ethiopia,ETH,2023,73.22545241
Fiji,FJI,2023,50.27814328
Finland,FIN,2023,91.01833381
France,FRA,2023,86.66845045
French Polynesia,PYF,2023,78.2089401
Gabon,GAB,2023,69.3957729
"Gambia, The",GMB,2023,90.62537559
Georgia,GEO,2023,75.59923627
Germany,DEU,2023,83.87096774
Ghana,GHA,2023,95.03712928
Greece,GRC,2023,74.97482546
Guam,GUM,2023,82.21742995
Guatemala,GTM,2023,50.03033117
Guinea,GIN,2023,66.69941372
Guinea-Bissau,GNB,2023,81.3377493
Guyana,GUY,2023,66.99504934
Haiti,HTI,2023,85.09482027
Honduras,HND,2023,52.85278485
"Hong Kong SAR, China",HKG,2023,82.35700817
Hungary,HUN,2023,79.44793861
Iceland,ISL,2023,89.15241353
India,IND,2023,40.69423641
Indonesia,IDN,2023,64.50405107
"Iran, Islamic Rep.",IRN,2023,20.35309444
Iraq,IRQ,2023,15.07487521
Ireland,IRL,2023,85.08633777
Israel,ISR,2023,90.69371709
Italy,ITA,2023,70.24109086
Jamaica,JAM,2023,81.72939463
Japan,JPN,2023,76.75095507
Jordan,JOR,2023,22.85994123
Kazakhstan,KAZ,2023,86.97287485
Kenya,KEN,2023,87.15207013
"Korea, Dem. People's Rep.",PRK,2023,89.56459573
"Korea, Rep.",KOR,2023,77.20859741
Kuwait,KWT,2023,55.15672796
Kyrgyz Republic,KGZ,2023,67.52083466
Lao PDR,LAO,2023,86.91803232
Latvia,LVA,2023,81.75577928
Lebanon,LBN,2023,41.76385835
Lesotho,LSO,2023,72.30420312
Liberia,LBR,2023,88.25149657
Libya,LBY,2023,52.16782336
Lithuania,LTU,2023,84.39444501
Luxembourg,LUX,2023,86.94059902
"Macao SAR, China",MAC,2023,79.64837871
Madagascar,MDG,2023,94.25202064
Malawi,MWI,2023,88.85809468
Malaysia,MYS,2023,65.83563113
Maldives,MDV,2023,53.70531248
Mali,MLI,2023,72.25660246
Malta,MLT,2023,76.85194239
Mauritania,MRT,2023,45.86500403
Mauritius,MUS,2023,62.34768777
Mexico,MEX,2023,61.01482914
Moldova,MDA,2023,97.69856352
Mongolia,MNG,2023,77.72041763
Montenegro,MNE,2023,74.66884446
Morocco,MAR,2023,28.69393044
Mozambique,MOZ,2023,97.97078939
Myanmar,MMR,2023,58.83170473
Namibia,NAM,2023,87.51579479
Nepal,NPL,2023,51.23275445
Netherlands,NLD,2023,87.01849957
New Caledonia,NCL,2023,83.73538363
New Zealand,NZL,2023,87.81306989
Nicaragua,NIC,2023,61.05952497
Niger,NER,2023,71.26778509
Nigeria,NGA,2023,95.60719232
North Macedonia,MKD,2023,65.34616404
Norway,NOR,2023,89.9957745
Oman,OMN,2023,35.1413389
Pakistan,PAK,2023,30.13789066
Panama,PAN,2023,67.72833603
Papua New Guinea,PNG,2023,95.10976732
Paraguay,PRY,2023,71.40142575
Peru,PER,2023,80.8655244
Philippines,PHL,2023,69.3281764
Poland,POL,2023,77.99548872
Portugal,PRT,2023,86.96843906
Puerto Rico,PRI,2023,64.67884432
Qatar,QAT,2023,66.16910219
Romania,ROU,2023,67.63375248
Russian Federation,RUS,2023,79.42645006
Rwanda,RWA,2023,83.16831683
Samoa,WSM,2023,55.72002727
Sao Tome and Principe,STP,2023,95.98421927
Saudi Arabia,SAU,2023,42.2261834
Senegal,SEN,2023,58.54978697
Serbia,SRB,2023,76.33026682
Sierra Leone,SLE,2023,91.94506377
Singapore,SGP,2023,81.25155691
Slovak Republic,SVK,2023,83.12348957
Slovenia,SVN,2023,83.88360468
Solomon Islands,SLB,2023,95.59741133
Somalia,SOM,2023,44.46850979
South Africa,ZAF,2023,81.97150379
South Sudan,SSD,2023,93.55828623
Spain,ESP,2023,84.12321898
Sri Lanka,LKA,2023,45.27607538
St. Lucia,LCA,2023,83.24330036
St. Vincent and the Grenadines,VCT,2023,73.73773487
Suriname,SUR,2023,69.97978912
Sweden,SWE,2023,90.46475181
Switzerland,CHE,2023,85.82450436
Syrian Arab Republic,SYR,2023,21.30009667
Tajikistan,TJK,2023,61.76401915
Tanzania,TZA,2023,91.715841
Thailand,THA,2023,78.98347988
Timor-Leste,TLS,2023,85.24640643
Togo,TGO,2023,93.24881194
Tonga,TON,2023,64.8598102
Trinidad and Tobago,TTO,2023,75.07131061
Tunisia,TUN,2023,40.75201242
Turkiye,TUR,2023,50.29674008
Turkmenistan,TKM,2023,104.550528
Uganda,UGA,2023,89.53853361
United Arab Emirates,ARE,2023,59.76529757
United Kingdom,GBR,2023,86.36575782
United States,USA,2023,83.79026528
Uruguay,URY,2023,80.48112187
Uzbekistan,UZB,2023,54.62189507
Vanuatu,VUT,2023,85.11634506
"Venezuela, RB",VEN,2023,55.37058884
Viet Nam,VNM,2023,88.0309418
Virgin Islands (U.S.),VIR,2023,85.51524934
"Yemen, Rep.",YEM,2023,8.135933845
Zambia,ZMB,2023,82.84204544
Zimbabwe,ZWE,2023,83.67029331
Afghanistan,AFG,2024,7.30468135
Albania,ALB,2024,78.50708606
Algeria,DZA,2024,21.0352191
Angola,AGO,2024,93.30747838
Argentina,ARG,2024,73.72870733
Armenia,ARM,2024,82.98667294
Australia,AUS,2024,87.56389373
Austria,AUT,2024,84.40477095
Azerbaijan,AZE,2024,91.84331867
"Bahamas, The",BHS,2024,85.09598157
Bahrain,BHR,2024,49.98545649
Bangladesh,BGD,2024,54.54826236
Barbados,BRB,2024,89.65594884
Belarus,BLR,2024,81.06776765
Belgium,BEL,2024,84.47041661
Belize,BLZ,2024,65.82573103
Benin,BEN,2024,96.46189988
Bhutan,BTN,2024,78.23424272
Bolivia,BOL,2024,85.24318219
Bosnia and Herzegovina,BIH,2024,65.34135149
Botswana,BWA,2024,86.88314696
Brazil,BRA,2024,72.77043624
Brunei Darussalam,BRN,2024,72.90984112
Bulgaria,BGR,2024,80.8414332
Burkina Faso,BFA,2024,76.68866496
Burundi,BDI,2024,103.3009106
Cabo Verde,CPV,2024,78.21662187
Cambodia,KHM,2024,85.54129077
Cameroon,CMR,2024,76.30452686
Canada,CAN,2024,87.74151811
Central African Republic,CAF,2024,79.3744268
Chad,TCD,2024,67.05327114
Channel Islands,CHI,2024,78.65072054
Chile,CHL,2024,73.08232847
China,CHN,2024,83.75683771
Colombia,COL,2024,68.03814535
Comoros,COM,2024,69.27429315
"Congo, Dem. Rep.",COD,2024,90.92408278
"Congo, Rep.",COG,2024,95.13728417
Costa Rica,CRI,2024,62.73530212
Cote d'Ivoire,CIV,2024,79.27810188
Croatia,HRV,2024,81.5907277
Cuba,CUB,2024,60.33303825
Cyprus,CYP,2024,85.42604887
Czechia,CZE,2024,78.48015145
Denmark,DNK,2024,88.217322
Djibouti,DJI,2024,40.8508502
Dominican Republic,DOM,2024,69.15634928
Ecuador,ECU,2024,68.48132672
"Egypt, Arab Rep.",EGY,2024,21.54849412
El Salvador,SLV,2024,60.76423674
Equatorial Guinea,GNQ,2024,79.21346627
Eritrea,ERI,2024,85.80274005
Estonia,EST,2024,86.34660156
Eswatini,SWZ,2024,90.33291685
Ethiopia,ETH,2024,73.15671146
Fiji,FJI,2024,50.18057602
Finland,FIN,2024,90.99637193
France,FRA,2024,86.75608978
French Polynesia,PYF,2024,78.11171983
Gabon,GAB,2024,69.4343263
"Gambia, The",GMB,2024,90.76676034
Georgia,GEO,2024,75.70409933
Germany,DEU,2024,83.8790894
Ghana,GHA,2024,95.278066
Greece,GRC,2024,74.93894326
Guam,GUM,2024,82.23268149
Guatemala,GTM,2024,50.06136338
Guinea,GIN,2024,66.12078277
Guinea-Bissau,GNB,2024,81.42016613
Guyana,GUY,2024,67.3106814
Haiti,HTI,2024,84.95368403
Honduras,HND,2024,52.70288308
"Hong Kong SAR, China",HKG,2024,82.34316379
Hungary,HUN,2024,79.39239462
Iceland,ISL,2024,89.14127002
India,IND,2024,42.5548752
Indonesia,IDN,2024,64.58241218
"Iran, Islamic Rep.",IRN,2024,20.27770658
Iraq,IRQ,2024,15.00416898
Ireland,IRL,2024,85.34923339
Israel,ISR,2024,91.03314698
Italy,ITA,2024,70.40612687
Jamaica,JAM,2024,81.73902608
Japan,JPN,2024,77.24478963
Jordan,JOR,2024,22.80850786
Kazakhstan,KAZ,2024,86.9325218
Kenya,KEN,2024,87.06333866
"Korea, Dem. People's Rep.",PRK,2024,89.57958581
"Korea, Rep.",KOR,2024,77.30873261
Kuwait,KWT,2024,54.94345171
Kyrgyz Republic,KGZ,2024,67.33941221
Lao PDR,LAO,2024,86.89708793
Latvia,LVA,2024,81.79751575
Lesotho,LSO,2024,71.94123385
Liberia,LBR,2024,88.2531596
Libya,LBY,2024,51.91374322
Lithuania,LTU,2024,84.43783011
Luxembourg,LUX,2024,87.1747893
"Macao SAR, China",MAC,2024,79.66551596
Madagascar,MDG,2024,94.22929864
Malawi,MWI,2024,88.82421584
Malaysia,MYS,2024,65.84659359
Maldives,MDV,2024,53.60567176
Mali,MLI,2024,72.23315481
Malta,MLT,2024,77.34719288
Mauritania,MRT,2024,45.90305118
Mauritius,MUS,2024,62.41266679
Mexico,MEX,2024,61.17799018
Moldova,MDA,2024,97.74206587
Mongolia,MNG,2024,77.52410167
Montenegro,MNE,2024,74.59870865
Morocco,MAR,2024,28.53364506
Mozambique,MOZ,2024,97.90705835
Myanmar,MMR,2024,58.75078901
Namibia,NAM,2024,87.58532423
Nepal,NPL,2024,51.48332309
Netherlands,NLD,2024,87.1455498
New Caledonia,NCL,2024,83.55567744
New Zealand,NZL,2024,87.93694581
Nicaragua,NIC,2024,61.30875892
Niger,NER,2024,71.0924588
Nigeria,NGA,2024,95.60093335
North Macedonia,MKD,2024,65.4710492
Norway,NOR,2024,90.06989742
Oman,OMN,2024,35.23529277
Pakistan,PAK,2024,30.19041693
Panama,PAN,2024,67.84803277
Papua New Guinea,PNG,2024,95.01912835
Paraguay,PRY,2024,71.47733049
Peru,PER,2024,80.96930533
Philippines,PHL,2024,69.0563429
Poland,POL,2024,77.97524595
Portugal,PRT,2024,86.96772142
Puerto Rico,PRI,2024,64.56278764
Qatar,QAT,2024,66.23007072
Romania,ROU,2024,67.54921928
Russian Federation,RUS,2024,79.35212086
Rwanda,RWA,2024,83.10213108
Samoa,WSM,2024,55.63098315
Sao Tome and Principe,STP,2024,96.15544818
Saudi Arabia,SAU,2024,42.61016026
Senegal,SEN,2024,58.63101335
Serbia,SRB,2024,76.31687526
Sierra Leone,SLE,2024,91.6844197
Singapore,SGP,2024,81.19839554
Slovak Republic,SVK,2024,83.16877738
Slovenia,SVN,2024,83.94092707
Solomon Islands,SLB,2024,95.60377118
Somalia,SOM,2024,44.50513251
South Africa,ZAF,2024,82.16068715
Spain,ESP,2024,84.28356248
Sri Lanka,LKA,2024,45.29111309
St. Lucia,LCA,2024,83.17633362
St. Vincent and the Grenadines,VCT,2024,73.91338896
Suriname,SUR,2024,70.02744022
Sweden,SWE,2024,90.42780905
Switzerland,CHE,2024,85.89745365
Syrian Arab Republic,SYR,2024,21.22929034
Tajikistan,TJK,2024,61.9781506
Tanzania,TZA,2024,91.67753151
Thailand,THA,2024,78.79319347
Timor-Leste,TLS,2024,85.25559485
Togo,TGO,2024,93.28400399
Tonga,TON,2024,65.26770078
Trinidad and Tobago,TTO,2024,75.15731833
Tunisia,TUN,2024,40.7809177
Turkiye,TUR,2024,50.87640638
Turkmenistan,TKM,2024,104.6555135
Uganda,UGA,2024,89.59265419
United Arab Emirates,ARE,2024,60.36445198
United Kingdom,GBR,2024,86.41191202
United States,USA,2024,83.88131039
Uruguay,URY,2024,80.72888063
Uzbekistan,UZB,2024,54.53186838
Vanuatu,VUT,2024,85.15988971
"Venezuela, RB",VEN,2024,55.14365966
Viet Nam,VNM,2024,87.95215981
Virgin Islands (U.S.),VIR,2024,85.53155976
"Yemen, Rep.",YEM,2024,8.111280085
Zambia,ZMB,2024,82.77664202
Zimbabwe,ZWE,2024,83.71080751
