Series Name,Series Code,Country Name,Country Code,2016,2017,2018,2019,2020,2021,2022,2023,2024
Ratio of female to male labor force participation rate (%) (modeled ILO estimate),SL.TLF.CACT.FM.ZS,Afghanistan,AFG,25.37977373,28.93693546,27.7516252,26.37539987,24.67865169,21.79586256,7.346386614,7.339854484,7.30468135
Ratio of female to male labor force participation rate (%) (modeled ILO estimate),SL.TLF.CACT.FM.ZS,Albania,ALB,73.32430708,74.50974517,76.11904938,77.83365684,77.56052712,78.42180037,78.22524894,78.26400329,78.50708606
Ratio of female to male labor force participation rate (%) (modeled ILO estimate),SL.TLF.CACT.FM.ZS,Algeria,DZA,22.32167669,21.7322122,21.52035354,21.33062987,21.24885387,21.36364338,20.84337884,21.06235841,21.0352191
Ratio of female to male labor force participation rate (%) (modeled ILO estimate),SL.TLF.CACT.FM.ZS,American Samoa,ASM,..,..,..,..,..,..,..,..,..
Ratio of female to male labor force participation rate (%) (modeled ILO estimate),SL.TLF.CACT.FM.ZS,Andorra,AND,..,..,..,..,..,..,..,..,..
Ratio of female to male labor force participation rate (%) (modeled ILO estimate),SL.TLF.CACT.FM.ZS,Angola,AGO,94.11382818,94.34526867,94.46795335,94.59406916,94.67347018,95.60348138,93.61759288,93.40272463,93.30747838
Ratio of female to male labor force participation rate (%) (modeled ILO estimate),SL.TLF.CACT.FM.ZS,Antigua and Barbuda,ATG,..,..,..,..,..,..,..,..,..
Ratio of female to male labor force participation rate (%) (modeled ILO estimate),SL.TLF.CACT.FM.ZS,Argentina,ARG,66.45121576,67.6939245,69.74427383,70.44138572,70.51346227,70.95262296,72.59037409,73.60864005,73.72870733
Ratio of female to male labor force participation rate (%) (modeled ILO estimate),SL.TLF.CACT.FM.ZS,Armenia,ARM,80.45735351,80.61513674,80.6632778,82.83344792,84.94319016,84.31429274,82.66521265,82.98043342,82.98667294
Ratio of female to male labor force participation rate (%) (modeled ILO estimate),SL.TLF.CACT.FM.ZS,Aruba,ABW,..,..,..,..,..,..,..,..,..
Ratio of female to male labor force participation rate (%) (modeled ILO estimate),SL.TLF.CACT.FM.ZS,Australia,AUS,83.1052602,84.58278595,85.15490897,85.58291683,85.81100342,86.53400746,87.48157403,87.44182134,87.56389373
Ratio of female to male labor force participation rate (%) (modeled ILO estimate),SL.TLF.CACT.FM.ZS,Austria,AUT,83.16193423,83.55775617,83.11988243,83.42450108,83.99087452,83.65450011,83.96230682,84.39739906,84.40477095
Ratio of female to male labor force participation rate (%) (modeled ILO estimate),SL.TLF.CACT.FM.ZS,Azerbaijan,AZE,92.14527027,91.2414754,91.49744339,91.43597856,91.54533045,91.98507992,92.04198359,91.87543336,91.84331867
Ratio of female to male labor force participation rate (%) (modeled ILO estimate),SL.TLF.CACT.FM.ZS,"Bahamas, The",BHS,84.02120553,83.97459371,84.28080981,84.07278134,84.0372255,84.53485325,84.56506771,85.25237298,85.09598157
Ratio of female to male labor force participation rate (%) (modeled ILO estimate),SL.TLF.CACT.FM.ZS,Bahrain,BHR,50.02479958,49.89502908,49.7238584,49.32783467,49.04766406,49.29577465,49.84934483,50.08251017,49.98545649
Ratio of female to male labor force participation rate (%) (modeled ILO estimate),SL.TLF.CACT.FM.ZS,Bangladesh,BGD,41.53165874,45.05263675,46.91843273,48.62074927,50.11223693,52.03519811,53.67876539,53.90088413,54.54826236
Ratio of female to male labor force participation rate (%) (modeled ILO estimate),SL.TLF.CACT.FM.ZS,Barbados,BRB,88.7207347,88.99726605,87.67111592,89.72326256,89.59663442,89.87883636,88.62620473,89.76678909,89.65594884
Ratio of female to male labor force participation rate (%) (modeled ILO estimate),SL.TLF.CACT.FM.ZS,Belarus,BLR,82.65655612,81.91736369,80.68909922,81.63065108,81.10237324,81.49600214,81.07668811,81.05798432,81.06776765
Ratio of female to male labor force participation rate (%) (modeled ILO estimate),SL.TLF.CACT.FM.ZS,Belgium,BEL,81.49574244,81.38083121,82.95205212,83.34521627,83.45767944,83.77227219,84.33322657,84.2294755,84.47041661
Ratio of female to male labor force participation rate (%) (modeled ILO estimate),SL.TLF.CACT.FM.ZS,Belize,BLZ,60.7131623,61.41017069,65.4599201,69.38088584,66.28903226,64.22680002,64.91594681,65.6477749,65.82573103
Ratio of female to male labor force participation rate (%) (modeled ILO estimate),SL.TLF.CACT.FM.ZS,Benin,BEN,95.92236372,96.96050243,97.46154659,97.95329344,97.04301783,96.88204358,96.04511006,96.32404498,96.46189988
Ratio of female to male labor force participation rate (%) (modeled ILO estimate),SL.TLF.CACT.FM.ZS,Bermuda,BMU,..,..,..,..,..,..,..,..,..
Ratio of female to male labor force participation rate (%) (modeled ILO estimate),SL.TLF.CACT.FM.ZS,Bhutan,BTN,78.58991037,78.92274023,79.09580847,85.15350692,87.60863822,89.32779124,72.81867096,78.47401247,78.23424272
Ratio of female to male labor force participation rate (%) (modeled ILO estimate),SL.TLF.CACT.FM.ZS,Bolivia,BOL,73.17273404,75.68079686,79.44676383,80.73786976,81.83939311,84.03562094,84.49565822,84.73140325,85.24318219
Ratio of female to male labor force participation rate (%) (modeled ILO estimate),SL.TLF.CACT.FM.ZS,Bosnia and Herzegovina,BIH,62.75432107,62.92592593,63.06373463,63.1507632,62.81439294,63.40018156,63.70173235,65.20907216,65.34135149
Ratio of female to male labor force participation rate (%) (modeled ILO estimate),SL.TLF.CACT.FM.ZS,Botswana,BWA,82.44668385,83.29613584,83.70686019,84.1229583,84.3038088,85.30348201,86.40197223,86.65345994,86.88314696
Ratio of female to male labor force participation rate (%) (modeled ILO estimate),SL.TLF.CACT.FM.ZS,Brazil,BRA,70.43059041,72.3163917,72.89031931,73.82303082,70.79787907,71.97794662,73.11524365,72.76793041,72.77043624
Ratio of female to male labor force participation rate (%) (modeled ILO estimate),SL.TLF.CACT.FM.ZS,British Virgin Islands,VGB,..,..,..,..,..,..,..,..,..
Ratio of female to male labor force participation rate (%) (modeled ILO estimate),SL.TLF.CACT.FM.ZS,Brunei Darussalam,BRN,78.6380891,79.8707256,77.97922211,75.15800969,75.50167456,76.32121465,73.45735586,73.23537058,72.90984112
Ratio of female to male labor force participation rate (%) (modeled ILO estimate),SL.TLF.CACT.FM.ZS,Bulgaria,BGR,81.05837534,80.43848412,79.36956276,79.21608833,78.64958846,78.94177509,80.12434151,80.82434722,80.8414332
Ratio of female to male labor force participation rate (%) (modeled ILO estimate),SL.TLF.CACT.FM.ZS,Burkina Faso,BFA,77.83373905,77.63758187,77.58061737,77.5686441,77.26344686,77.08366647,76.76371676,76.83891256,76.68866496
Ratio of female to male labor force participation rate (%) (modeled ILO estimate),SL.TLF.CACT.FM.ZS,Burundi,BDI,103.3769955,102.5951207,102.6890225,103.0090973,100.0292863,103.4797593,103.11321,103.2134256,103.3009106
Ratio of female to male labor force participation rate (%) (modeled ILO estimate),SL.TLF.CACT.FM.ZS,Cabo Verde,CPV,78.07092839,78.59775254,77.95164497,78.38859169,78.18152324,78.81709854,77.8323833,78.26485152,78.21662187
Ratio of female to male labor force participation rate (%) (modeled ILO estimate),SL.TLF.CACT.FM.ZS,Cambodia,KHM,85.01765966,87.98834759,87.87795618,87.78398764,87.76983332,85.91225903,85.52573793,85.56460193,85.54129077
Ratio of female to male labor force participation rate (%) (modeled ILO estimate),SL.TLF.CACT.FM.ZS,Cameroon,CMR,85.44917042,82.68873701,81.2852565,79.93018267,78.42061153,77.45519665,76.84170912,76.92866854,76.30452686
Ratio of female to male labor force participation rate (%) (modeled ILO estimate),SL.TLF.CACT.FM.ZS,Canada,CAN,85.94203716,86.45893795,86.78785981,86.91327544,86.14766347,86.79129153,87.78092513,87.71899617,87.74151811
Ratio of female to male labor force participation rate (%) (modeled ILO estimate),SL.TLF.CACT.FM.ZS,Cayman Islands,CYM,..,..,..,..,..,..,..,..,..
Ratio of female to male labor force participation rate (%) (modeled ILO estimate),SL.TLF.CACT.FM.ZS,Central African Republic,CAF,79.6167923,79.60044099,79.5821727,79.60507996,79.60470059,79.94584263,79.49535578,79.44043626,79.3744268
Ratio of female to male labor force participation rate (%) (modeled ILO estimate),SL.TLF.CACT.FM.ZS,Chad,TCD,69.30300243,68.25262398,67.72369303,67.8478039,67.84836934,68.15662991,67.17277487,67.30328073,67.05327114
Ratio of female to male labor force participation rate (%) (modeled ILO estimate),SL.TLF.CACT.FM.ZS,Channel Islands,CHI,76.48505261,78.06369964,78.50535209,79.09922804,78.99547609,79.30833346,79.44033302,78.72119028,78.65072054
Ratio of female to male labor force participation rate (%) (modeled ILO estimate),SL.TLF.CACT.FM.ZS,Chile,CHL,67.61737959,69.5261899,70.6043993,71.41926995,67.30652448,67.72762963,70.97598002,72.88244947,73.08232847
Ratio of female to male labor force participation rate (%) (modeled ILO estimate),SL.TLF.CACT.FM.ZS,China,CHN,82.45937718,82.93503014,83.20442437,83.46233511,83.29810901,83.90268654,83.66602875,83.73093469,83.75683771
Ratio of female to male labor force participation rate (%) (modeled ILO estimate),SL.TLF.CACT.FM.ZS,Colombia,COL,69.6705292,69.49588214,68.48190974,68.26567304,67.02600622,66.64904113,67.0608375,68.05553733,68.03814535
Ratio of female to male labor force participation rate (%) (modeled ILO estimate),SL.TLF.CACT.FM.ZS,Comoros,COM,59.50479934,62.87785718,64.79334287,66.64266365,67.78878227,69.30741643,68.72277575,68.90470608,69.27429315
Ratio of female to male labor force participation rate (%) (modeled ILO estimate),SL.TLF.CACT.FM.ZS,"Congo, Dem. Rep.",COD,89.53458362,89.78533249,89.71781432,89.55285952,90.3121862,89.9032151,90.47992221,90.8519604,90.92408278
Ratio of female to male labor force participation rate (%) (modeled ILO estimate),SL.TLF.CACT.FM.ZS,"Congo, Rep.",COG,95.47787687,95.17277876,95.23339343,95.41845801,95.4188214,95.93988466,95.13742375,95.18896892,95.13728417
Ratio of female to male labor force participation rate (%) (modeled ILO estimate),SL.TLF.CACT.FM.ZS,Costa Rica,CRI,65.8268462,61.76585353,63.79332949,69.16014114,66.56994648,68.14636991,68.74521492,62.91185662,62.73530212
Ratio of female to male labor force participation rate (%) (modeled ILO estimate),SL.TLF.CACT.FM.ZS,Cote d'Ivoire,CIV,79.76512733,77.40954124,77.30388423,77.20937904,77.5841519,78.3586103,78.93059869,79.2439622,79.27810188
Ratio of female to male labor force participation rate (%) (modeled ILO estimate),SL.TLF.CACT.FM.ZS,Croatia,HRV,78.88308924,77.75203378,78.61230453,77.81320395,76.42318333,77.73674806,79.5328576,81.47661678,81.5907277
Ratio of female to male labor force participation rate (%) (modeled ILO estimate),SL.TLF.CACT.FM.ZS,Cuba,CUB,64.67617217,64.9001766,65.1155448,64.87302594,64.20607275,63.86884935,61.22520067,60.70880382,60.33303825
Ratio of female to male labor force participation rate (%) (modeled ILO estimate),SL.TLF.CACT.FM.ZS,Curacao,CUW,..,..,..,..,..,..,..,..,..
Ratio of female to male labor force participation rate (%) (modeled ILO estimate),SL.TLF.CACT.FM.ZS,Cyprus,CYP,85.44989228,84.44836185,83.89071007,83.38351394,81.60473183,81.14547412,82.74515104,85.24820566,85.42604887
Ratio of female to male labor force participation rate (%) (modeled ILO estimate),SL.TLF.CACT.FM.ZS,Czechia,CZE,75.32263049,76.18448944,76.68033205,76.59188097,75.89629389,76.16226677,76.89961544,78.36859073,78.48015145
Ratio of female to male labor force participation rate (%) (modeled ILO estimate),SL.TLF.CACT.FM.ZS,Denmark,DNK,85.97857986,87.47557077,87.006852,86.74994023,86.99640585,86.48038386,88.15970629,88.23390571,88.217322
Ratio of female to male labor force participation rate (%) (modeled ILO estimate),SL.TLF.CACT.FM.ZS,Djibouti,DJI,37.25674238,38.72468469,39.5329243,40.34504625,40.17881091,40.67853319,40.47577477,40.65194669,40.8508502
Ratio of female to male labor force participation rate (%) (modeled ILO estimate),SL.TLF.CACT.FM.ZS,Dominica,DMA,..,..,..,..,..,..,..,..,..
Ratio of female to male labor force participation rate (%) (modeled ILO estimate),SL.TLF.CACT.FM.ZS,Dominican Republic,DOM,63.20065094,64.42957432,64.79441288,67.21804319,64.3572689,67.50889162,66.120011,68.66405872,69.15634928
Ratio of female to male labor force participation rate (%) (modeled ILO estimate),SL.TLF.CACT.FM.ZS,Ecuador,ECU,65.13936473,69.90430205,68.91008209,69.59497493,66.93265862,68.59561908,69.62757435,68.46159862,68.48132672
Ratio of female to male labor force participation rate (%) (modeled ILO estimate),SL.TLF.CACT.FM.ZS,"Egypt, Arab Rep.",EGY,32.14456813,32.8267882,27.06615518,23.19007999,21.33635169,22.20070347,21.67719718,21.80294696,21.54849412
Ratio of female to male labor force participation rate (%) (modeled ILO estimate),SL.TLF.CACT.FM.ZS,El Salvador,SLV,60.43749832,60.03882566,60.00801389,60.38714592,59.95854636,59.90831644,60.18541522,60.8435779,60.76423674
Ratio of female to male labor force participation rate (%) (modeled ILO estimate),SL.TLF.CACT.FM.ZS,Equatorial Guinea,GNQ,79.57259492,79.63407407,79.8000623,80.08752735,79.85076976,80.30922366,79.59795845,79.23481745,79.21346627
Ratio of female to male labor force participation rate (%) (modeled ILO estimate),SL.TLF.CACT.FM.ZS,Eritrea,ERI,85.29941731,85.29842956,85.60735747,85.96749667,85.93780089,86.15736363,85.86585019,85.85373375,85.80274005
Ratio of female to male labor force participation rate (%) (modeled ILO estimate),SL.TLF.CACT.FM.ZS,Estonia,EST,80.84665139,80.83893474,81.01636423,82.07374327,81.84188285,83.28576371,84.95147688,86.24201842,86.34660156
Ratio of female to male labor force participation rate (%) (modeled ILO estimate),SL.TLF.CACT.FM.ZS,Eswatini,SWZ,83.51244898,85.34326555,86.36923192,87.45792366,87.51916173,88.45989263,88.80922755,89.65723873,90.33291685
Ratio of female to male labor force participation rate (%) (modeled ILO estimate),SL.TLF.CACT.FM.ZS,Ethiopia,ETH,81.66185442,79.05991092,77.65895463,76.17963703,74.37906527,72.73290199,72.95393986,73.22545241,73.15671146
Ratio of female to male labor force participation rate (%) (modeled ILO estimate),SL.TLF.CACT.FM.ZS,Faroe Islands,FRO,..,..,..,..,..,..,..,..,..
Ratio of female to male labor force participation rate (%) (modeled ILO estimate),SL.TLF.CACT.FM.ZS,Fiji,FJI,52.20613177,50.19228012,50.29122917,50.27728121,50.18583441,50.34827178,50.25982991,50.27814328,50.18057602
Ratio of female to male labor force participation rate (%) (modeled ILO estimate),SL.TLF.CACT.FM.ZS,Finland,FIN,88.96864011,88.09977426,88.28154724,88.6183132,88.05317502,87.73137981,89.9166261,91.01833381,90.99637193
Ratio of female to male labor force participation rate (%) (modeled ILO estimate),SL.TLF.CACT.FM.ZS,France,FRA,83.91133946,83.92626239,84.39996678,84.83482225,85.00339674,86.20027068,86.19451968,86.66845045,86.75608978
Ratio of female to male labor force participation rate (%) (modeled ILO estimate),SL.TLF.CACT.FM.ZS,French Polynesia,PYF,77.86084688,78.73946064,78.88028762,79.08472197,79.00021576,79.19987993,78.29234447,78.2089401,78.11171983
Ratio of female to male labor force participation rate (%) (modeled ILO estimate),SL.TLF.CACT.FM.ZS,Gabon,GAB,70.14109377,69.8570926,69.64606779,69.52474196,69.37247107,69.84659131,69.34869706,69.3957729,69.4343263
Ratio of female to male labor force participation rate (%) (modeled ILO estimate),SL.TLF.CACT.FM.ZS,"Gambia, The",GMB,86.72400101,87.02416097,88.22317293,89.19694451,88.63940755,89.10597402,89.60915157,90.62537559,90.76676034
Ratio of female to male labor force participation rate (%) (modeled ILO estimate),SL.TLF.CACT.FM.ZS,Georgia,GEO,73.52396114,73.36550496,75.50354206,75.10157022,75.30076111,75.47307029,75.42156432,75.59923627,75.70409933
Ratio of female to male labor force participation rate (%) (modeled ILO estimate),SL.TLF.CACT.FM.ZS,Germany,DEU,82.16393245,83.04541005,82.74533901,83.00034267,83.44259565,83.38739012,83.63797746,83.87096774,83.8790894
Ratio of female to male labor force participation rate (%) (modeled ILO estimate),SL.TLF.CACT.FM.ZS,Ghana,GHA,88.47090185,90.35164278,91.41136836,92.51091671,93.19689189,94.42321109,94.99216325,95.03712928,95.278066
Ratio of female to male labor force participation rate (%) (modeled ILO estimate),SL.TLF.CACT.FM.ZS,Gibraltar,GIB,..,..,..,..,..,..,..,..,..
Ratio of female to male labor force participation rate (%) (modeled ILO estimate),SL.TLF.CACT.FM.ZS,Greece,GRC,74.58327687,74.43910392,73.67670284,73.95346466,73.64927766,74.58877892,74.18239519,74.97482546,74.93894326
Ratio of female to male labor force participation rate (%) (modeled ILO estimate),SL.TLF.CACT.FM.ZS,Greenland,GRL,..,..,..,..,..,..,..,..,..
Ratio of female to male labor force participation rate (%) (modeled ILO estimate),SL.TLF.CACT.FM.ZS,Grenada,GRD,..,..,..,..,..,..,..,..,..
Ratio of female to male labor force participation rate (%) (modeled ILO estimate),SL.TLF.CACT.FM.ZS,Guam,GUM,82.17603412,82.26886089,82.15756125,82.50391649,82.2449102,82.69204927,82.2406881,82.21742995,82.23268149
Ratio of female to male labor force participation rate (%) (modeled ILO estimate),SL.TLF.CACT.FM.ZS,Guatemala,GTM,45.97892269,45.98172864,46.04226855,45.22706774,46.48766142,47.83865691,50.16037748,50.03033117,50.06136338
Ratio of female to male labor force participation rate (%) (modeled ILO estimate),SL.TLF.CACT.FM.ZS,Guinea,GIN,72.69295948,69.21874516,67.48743251,65.76278042,65.76267991,65.72854416,66.41555822,66.69941372,66.12078277
Ratio of female to male labor force participation rate (%) (modeled ILO estimate),SL.TLF.CACT.FM.ZS,Guinea-Bissau,GNB,79.4144246,80.23249188,80.75342564,81.31433096,81.3148638,81.51658082,81.25747209,81.3377493,81.42016613
Ratio of female to male labor force participation rate (%) (modeled ILO estimate),SL.TLF.CACT.FM.ZS,Guyana,GUY,59.58966107,62.66856866,64.21733775,64.43362142,64.34335316,64.25722752,66.38140604,66.99504934,67.3106814
Ratio of female to male labor force participation rate (%) (modeled ILO estimate),SL.TLF.CACT.FM.ZS,Haiti,HTI,88.10352203,88.83454184,89.10272933,88.74808483,88.7475425,89.45658296,85.91233522,85.09482027,84.95368403
Ratio of female to male labor force participation rate (%) (modeled ILO estimate),SL.TLF.CACT.FM.ZS,Honduras,HND,57.02822561,55.16322693,60.60011791,57.40815207,65.12188442,65.68635233,61.21108183,52.85278485,52.70288308
Ratio of female to male labor force participation rate (%) (modeled ILO estimate),SL.TLF.CACT.FM.ZS,"Hong Kong SAR, China",HKG,79.58659366,80.76411469,80.54938426,81.57004759,81.98492386,82.60114096,82.24406811,82.35700817,82.34316379
Ratio of female to male labor force participation rate (%) (modeled ILO estimate),SL.TLF.CACT.FM.ZS,Hungary,HUN,78.82780411,78.0674659,78.28535005,77.41372041,77.35170129,78.18703659,78.71867451,79.44793861,79.39239462
Ratio of female to male labor force participation rate (%) (modeled ILO estimate),SL.TLF.CACT.FM.ZS,Iceland,ISL,90.45764968,89.63343797,89.39475361,89.7118152,89.38494879,89.24971282,90.2602801,89.15241353,89.14127002
Ratio of female to male labor force participation rate (%) (modeled ILO estimate),SL.TLF.CACT.FM.ZS,India,IND,34.07818366,34.38324282,34.5333368,34.65745914,34.34663707,36.49623506,38.61945187,40.69423641,42.5548752
Ratio of female to male labor force participation rate (%) (modeled ILO estimate),SL.TLF.CACT.FM.ZS,Indonesia,IDN,61.55077102,63.7118536,64.59617512,65.31355932,65.14025443,65.29765115,64.45449975,64.50405107,64.58241218
Ratio of female to male labor force participation rate (%) (modeled ILO estimate),SL.TLF.CACT.FM.ZS,"Iran, Islamic Rep.",IRN,20.92701336,24.70045821,24.55710543,23.87017081,20.12259503,19.18374527,20.03093351,20.35309444,20.27770658
Ratio of female to male labor force participation rate (%) (modeled ILO estimate),SL.TLF.CACT.FM.ZS,Iraq,IRQ,19.44989368,15.43805165,15.5396432,15.73066298,15.71005704,15.77804793,15.2643129,15.07487521,15.00416898
Ratio of female to male labor force participation rate (%) (modeled ILO estimate),SL.TLF.CACT.FM.ZS,Ireland,IRL,79.40571395,81.16367353,81.73723928,81.88665501,81.74825902,83.42687736,84.58726078,85.08633777,85.34923339
Ratio of female to male labor force participation rate (%) (modeled ILO estimate),SL.TLF.CACT.FM.ZS,Isle of Man,IMN,..,..,..,..,..,..,..,..,..
Ratio of female to male labor force participation rate (%) (modeled ILO estimate),SL.TLF.CACT.FM.ZS,Israel,ISR,84.39066163,84.99520614,86.69458809,87.16120034,87.92628774,89.00153564,89.21933628,90.69371709,91.03314698
Ratio of female to male labor force participation rate (%) (modeled ILO estimate),SL.TLF.CACT.FM.ZS,Italy,ITA,67.23046202,68.6929731,68.94771585,69.44727545,68.62700825,69.29598999,69.74626455,70.24109086,70.40612687
Ratio of female to male labor force participation rate (%) (modeled ILO estimate),SL.TLF.CACT.FM.ZS,Jamaica,JAM,80.50400979,80.30805492,79.9914945,80.49020003,79.6037715,79.72884411,81.34833565,81.72939463,81.73902608
Ratio of female to male labor force participation rate (%) (modeled ILO estimate),SL.TLF.CACT.FM.ZS,Japan,JPN,70.37416855,72.44913895,73.67058691,74.65365416,74.40576298,75.08874826,75.9109255,76.75095507,77.24478963
Ratio of female to male labor force participation rate (%) (modeled ILO estimate),SL.TLF.CACT.FM.ZS,Jordan,JOR,22.92713356,26.95702973,23.82842364,21.87465034,23.83825519,22.75008146,22.71718556,22.85994123,22.80850786
Ratio of female to male labor force participation rate (%) (modeled ILO estimate),SL.TLF.CACT.FM.ZS,Kazakhstan,KAZ,87.22348325,87.12078508,87.19414502,87.27135124,87.07152673,87.28098637,86.810794,86.97287485,86.9325218
Ratio of female to male labor force participation rate (%) (modeled ILO estimate),SL.TLF.CACT.FM.ZS,Kenya,KEN,92.33566253,90.37143271,88.35635749,86.16399649,86.15341934,86.58671383,86.77599878,87.15207013,87.06333866
Ratio of female to male labor force participation rate (%) (modeled ILO estimate),SL.TLF.CACT.FM.ZS,Kiribati,KIR,..,..,..,..,..,..,..,..,..
Ratio of female to male labor force participation rate (%) (modeled ILO estimate),SL.TLF.CACT.FM.ZS,"Korea, Dem. People's Rep.",PRK,89.31951537,89.35377875,89.56980941,89.57509369,89.33065157,89.70173199,89.56015449,89.56459573,89.57958581
Ratio of female to male labor force participation rate (%) (modeled ILO estimate),SL.TLF.CACT.FM.ZS,"Korea, Rep.",KOR,71.96368232,72.89245983,73.55546649,74.38064543,74.31436443,74.97833804,75.73839082,77.20859741,77.30873261
Ratio of female to male labor force participation rate (%) (modeled ILO estimate),SL.TLF.CACT.FM.ZS,Kosovo,XKX,..,..,..,..,..,..,..,..,..
Ratio of female to male labor force participation rate (%) (modeled ILO estimate),SL.TLF.CACT.FM.ZS,Kuwait,KWT,56.94361609,56.72970221,56.5581374,56.51376147,56.16696906,56.21980748,56.37066947,55.15672796,54.94345171
Ratio of female to male labor force participation rate (%) (modeled ILO estimate),SL.TLF.CACT.FM.ZS,Kyrgyz Republic,KGZ,71.82528736,67.09868421,67.76583004,66.88414035,68.86798573,67.28376095,67.34680897,67.52083466,67.33941221
Ratio of female to male labor force participation rate (%) (modeled ILO estimate),SL.TLF.CACT.FM.ZS,Lao PDR,LAO,87.98553379,88.16216046,87.93488817,87.71651641,87.41146121,87.68640383,86.87324821,86.91803232,86.89708793
Ratio of female to male labor force participation rate (%) (modeled ILO estimate),SL.TLF.CACT.FM.ZS,Latvia,LVA,80.16291043,81.21294357,81.45670156,81.67790571,81.5133778,80.56489276,81.62334499,81.75577928,81.79751575
Ratio of female to male labor force participation rate (%) (modeled ILO estimate),SL.TLF.CACT.FM.ZS,Lebanon,LBN,38.0637262,39.80779467,40.69526437,41.59411439,41.40348729,41.95404043,41.75116325,41.76385835,..
Ratio of female to male labor force participation rate (%) (modeled ILO estimate),SL.TLF.CACT.FM.ZS,Lesotho,LSO,75.92131093,74.40800541,73.64787785,72.88562028,72.88510101,73.10881298,72.20221912,72.30420312,71.94123385
Ratio of female to male labor force participation rate (%) (modeled ILO estimate),SL.TLF.CACT.FM.ZS,Liberia,LBR,87.53848588,87.79229334,87.96149241,88.19323719,88.19326848,88.46514497,88.2020202,88.25149657,88.2531596
Ratio of female to male labor force participation rate (%) (modeled ILO estimate),SL.TLF.CACT.FM.ZS,Libya,LBY,53.2118245,53.10975705,53.08168452,53.07116105,52.84448866,52.9389636,52.39955445,52.16782336,51.91374322
Ratio of female to male labor force participation rate (%) (modeled ILO estimate),SL.TLF.CACT.FM.ZS,Liechtenstein,LIE,..,..,..,..,..,..,..,..,..
Ratio of female to male labor force participation rate (%) (modeled ILO estimate),SL.TLF.CACT.FM.ZS,Lithuania,LTU,83.88767301,84.04751867,83.54505257,84.36804317,83.29533739,84.32153566,85.08782219,84.39444501,84.43783011
Ratio of female to male labor force participation rate (%) (modeled ILO estimate),SL.TLF.CACT.FM.ZS,Luxembourg,LUX,82.79962147,85.41804544,86.18023867,84.53742802,87.04185019,86.26149673,87.88528255,86.94059902,87.1747893
Ratio of female to male labor force participation rate (%) (modeled ILO estimate),SL.TLF.CACT.FM.ZS,"Macao SAR, China",MAC,86.44158628,86.0483294,85.7621308,85.48754335,85.35874108,85.71675256,86.24112704,79.64837871,79.66551596
Ratio of female to male labor force participation rate (%) (modeled ILO estimate),SL.TLF.CACT.FM.ZS,Madagascar,MDG,93.69393704,94.07304994,94.23087849,94.38078097,94.2274535,94.53074026,94.21530036,94.25202064,94.22929864
Ratio of female to male labor force participation rate (%) (modeled ILO estimate),SL.TLF.CACT.FM.ZS,Malawi,MWI,87.66009488,87.77083997,88.32941438,88.95775042,85.45166574,89.25338252,88.88329065,88.85809468,88.82421584
Ratio of female to male labor force participation rate (%) (modeled ILO estimate),SL.TLF.CACT.FM.ZS,Malaysia,MYS,65.01189593,66.00380982,66.14176255,66.02823223,65.82631977,65.52797011,65.90380833,65.83563113,65.84659359
Ratio of female to male labor force participation rate (%) (modeled ILO estimate),SL.TLF.CACT.FM.ZS,Maldives,MDV,57.18160701,56.29040072,54.97676792,53.45982434,53.36432753,53.58215358,53.51374773,53.70531248,53.60567176
Ratio of female to male labor force participation rate (%) (modeled ILO estimate),SL.TLF.CACT.FM.ZS,Mali,MLI,76.75121303,72.11492935,72.21924233,72.38543919,62.53937275,72.69672007,72.20736909,72.25660246,72.23315481
Ratio of female to male labor force participation rate (%) (modeled ILO estimate),SL.TLF.CACT.FM.ZS,Malta,MLT,63.02834957,67.15670531,69.69766344,71.2807464,73.68762609,74.58812341,77.79351545,76.85194239,77.34719288
Ratio of female to male labor force participation rate (%) (modeled ILO estimate),SL.TLF.CACT.FM.ZS,Marshall Islands,MHL,..,..,..,..,..,..,..,..,..
Ratio of female to male labor force participation rate (%) (modeled ILO estimate),SL.TLF.CACT.FM.ZS,Mauritania,MRT,45.18401843,45.58575478,45.67492729,45.80998761,45.81107997,46.2024423,45.73574516,45.86500403,45.90305118
Ratio of female to male labor force participation rate (%) (modeled ILO estimate),SL.TLF.CACT.FM.ZS,Mauritius,MUS,62.44882568,61.81764093,62.62393233,63.65107223,63.46541303,63.08063945,62.16071454,62.34768777,62.41266679
Ratio of female to male labor force participation rate (%) (modeled ILO estimate),SL.TLF.CACT.FM.ZS,Mexico,MEX,55.91080338,55.76261871,56.46261114,58.38425766,57.52910666,58.18867137,59.50280674,61.01482914,61.17799018
Ratio of female to male labor force participation rate (%) (modeled ILO estimate),SL.TLF.CACT.FM.ZS,"Micronesia, Fed. Sts.",FSM,..,..,..,..,..,..,..,..,..
Ratio of female to male labor force participation rate (%) (modeled ILO estimate),SL.TLF.CACT.FM.ZS,Moldova,MDA,97.53129786,97.13758878,97.93134971,96.87145611,95.05102539,94.49971917,97.01008841,97.69856352,97.74206587
Ratio of female to male labor force participation rate (%) (modeled ILO estimate),SL.TLF.CACT.FM.ZS,Monaco,MCO,..,..,..,..,..,..,..,..,..
Ratio of female to male labor force participation rate (%) (modeled ILO estimate),SL.TLF.CACT.FM.ZS,Mongolia,MNG,80.74749123,80.03615428,75.9974137,78.68197703,78.19254284,76.32040452,77.41963273,77.72041763,77.52410167
Ratio of female to male labor force participation rate (%) (modeled ILO estimate),SL.TLF.CACT.FM.ZS,Montenegro,MNE,77.78958375,74.52328853,72.83972348,74.33690052,74.48018696,74.60700459,74.40337758,74.66884446,74.59870865
Ratio of female to male labor force participation rate (%) (modeled ILO estimate),SL.TLF.CACT.FM.ZS,Morocco,MAR,34.5697582,32.77064059,32.0371227,31.30325385,30.34775606,29.68716382,28.44816316,28.69393044,28.53364506
Ratio of female to male labor force participation rate (%) (modeled ILO estimate),SL.TLF.CACT.FM.ZS,Mozambique,MOZ,97.5653303,97.78372564,97.88706831,97.97454719,97.97407525,98.36628644,97.60157732,97.97078939,97.90705835
Ratio of female to male labor force participation rate (%) (modeled ILO estimate),SL.TLF.CACT.FM.ZS,Myanmar,MMR,64.34325522,62.10774604,63.21057577,61.66162699,58.87091467,58.87027368,58.91354905,58.83170473,58.75078901
Ratio of female to male labor force participation rate (%) (modeled ILO estimate),SL.TLF.CACT.FM.ZS,Namibia,NAM,86.25857213,86.2548623,88.39187399,88.0827696,87.9472022,88.65195564,87.69496303,87.51579479,87.58532423
Ratio of female to male labor force participation rate (%) (modeled ILO estimate),SL.TLF.CACT.FM.ZS,Nauru,NRU,..,..,..,..,..,..,..,..,..
Ratio of female to male labor force participation rate (%) (modeled ILO estimate),SL.TLF.CACT.FM.ZS,Nepal,NPL,48.88973343,50.79335793,51.32835433,51.09076418,51.08985181,51.03022364,51.25931446,51.23275445,51.48332309
Ratio of female to male labor force participation rate (%) (modeled ILO estimate),SL.TLF.CACT.FM.ZS,Netherlands,NLD,84.01454606,85.17326317,85.22047233,85.80224556,86.51756293,86.83630028,86.86271509,87.01849957,87.1455498
Ratio of female to male labor force participation rate (%) (modeled ILO estimate),SL.TLF.CACT.FM.ZS,New Caledonia,NCL,85.32309283,85.29922676,85.40773206,85.61598688,85.88691511,85.37004059,83.70660427,83.73538363,83.55567744
Ratio of female to male labor force participation rate (%) (modeled ILO estimate),SL.TLF.CACT.FM.ZS,New Zealand,NZL,84.67258497,85.15370895,85.84647379,86.86527464,86.03479001,87.06316446,87.76495167,87.81306989,87.93694581
Ratio of female to male labor force participation rate (%) (modeled ILO estimate),SL.TLF.CACT.FM.ZS,Nicaragua,NIC,58.29586683,59.52594243,59.10158899,58.75152999,58.75198825,59.38498403,60.37147175,61.05952497,61.30875892
Ratio of female to male labor force participation rate (%) (modeled ILO estimate),SL.TLF.CACT.FM.ZS,Niger,NER,72.83018868,72.01979148,71.61326787,71.2091611,71.20960076,71.56382321,71.31173697,71.26778509,71.0924588
Ratio of female to male labor force participation rate (%) (modeled ILO estimate),SL.TLF.CACT.FM.ZS,Nigeria,NGA,90.50386457,90.14724127,90.1121913,90.09661271,89.85036011,89.91810355,89.9645092,95.60719232,95.60093335
Ratio of female to male labor force participation rate (%) (modeled ILO estimate),SL.TLF.CACT.FM.ZS,North Macedonia,MKD,63.69809389,62.6372625,63.42209179,67.07044149,66.33337031,64.84790875,65.45595533,65.34616404,65.4710492
Ratio of female to male labor force participation rate (%) (modeled ILO estimate),SL.TLF.CACT.FM.ZS,Northern Mariana Islands,MNP,..,..,..,..,..,..,..,..,..
Ratio of female to male labor force participation rate (%) (modeled ILO estimate),SL.TLF.CACT.FM.ZS,Norway,NOR,91.02578996,91.50364489,91.2056633,90.85846596,91.22566977,88.97851402,88.15926949,89.9957745,90.06989742
Ratio of female to male labor force participation rate (%) (modeled ILO estimate),SL.TLF.CACT.FM.ZS,Oman,OMN,33.99652198,34.5947722,34.35553697,34.06500299,34.16906718,34.64301698,35.0512043,35.1413389,35.23529277
Ratio of female to male labor force participation rate (%) (modeled ILO estimate),SL.TLF.CACT.FM.ZS,Pakistan,PAK,30.3801477,28.23478898,27.20714358,29.46276906,29.77600102,30.4094954,30.14868357,30.13789066,30.19041693
Ratio of female to male labor force participation rate (%) (modeled ILO estimate),SL.TLF.CACT.FM.ZS,Palau,PLW,..,..,..,..,..,..,..,..,..
Ratio of female to male labor force participation rate (%) (modeled ILO estimate),SL.TLF.CACT.FM.ZS,Panama,PAN,64.35142364,65.56691975,67.43086916,69.69116028,72.61444188,63.55860599,64.5819398,67.72833603,67.84803277
Ratio of female to male labor force participation rate (%) (modeled ILO estimate),SL.TLF.CACT.FM.ZS,Papua New Guinea,PNG,96.17131348,95.82058726,95.77170698,95.59555137,95.48028039,95.97145093,95.08119778,95.10976732,95.01912835
Ratio of female to male labor force participation rate (%) (modeled ILO estimate),SL.TLF.CACT.FM.ZS,Paraguay,PRY,67.65802009,68.6425291,70.42695937,71.24058595,68.63296555,71.18559399,71.69196738,71.40142575,71.47733049
Ratio of female to male labor force participation rate (%) (modeled ILO estimate),SL.TLF.CACT.FM.ZS,Peru,PER,80.26194035,81.87471239,82.51331908,82.57179233,76.56839547,81.88327104,80.95827418,80.8655244,80.96930533
Ratio of female to male labor force participation rate (%) (modeled ILO estimate),SL.TLF.CACT.FM.ZS,Philippines,PHL,65.38502875,61.26487589,62.62567911,64.14707057,63.62904428,64.06231884,69.26037943,69.3281764,69.0563429
Ratio of female to male labor force participation rate (%) (modeled ILO estimate),SL.TLF.CACT.FM.ZS,Poland,POL,75.33998743,74.71403682,75.07099792,74.53583716,74.01249603,75.80113313,76.83540312,77.99548872,77.97524595
Ratio of female to male labor force participation rate (%) (modeled ILO estimate),SL.TLF.CACT.FM.ZS,Portugal,PRT,83.83354154,83.74747632,84.57753278,85.05818851,84.83590194,86.33457947,86.60847043,86.96843906,86.96772142
Ratio of female to male labor force participation rate (%) (modeled ILO estimate),SL.TLF.CACT.FM.ZS,Puerto Rico,PRI,64.93725721,65.20339777,65.15148469,65.71765364,65.5683326,65.85330489,65.28874531,64.67884432,64.56278764
Ratio of female to male labor force participation rate (%) (modeled ILO estimate),SL.TLF.CACT.FM.ZS,Qatar,QAT,58.62740581,60.25663837,61.0126794,61.63596153,62.01249596,63.98132795,66.6282179,66.16910219,66.23007072
Ratio of female to male labor force participation rate (%) (modeled ILO estimate),SL.TLF.CACT.FM.ZS,Romania,ROU,70.18844965,70.68625051,69.98732202,69.59705184,68.98157848,67.86638102,68.67492881,67.63375248,67.54921928
Ratio of female to male labor force participation rate (%) (modeled ILO estimate),SL.TLF.CACT.FM.ZS,Russian Federation,RUS,77.93723984,77.78683456,78.16918284,78.27241576,78.59443294,78.55637513,79.0960452,79.42645006,79.35212086
Ratio of female to male labor force participation rate (%) (modeled ILO estimate),SL.TLF.CACT.FM.ZS,Rwanda,RWA,80.90452261,81.91943234,80.53985723,78.95818428,81.79967368,81.70784771,82.69579679,83.16831683,83.10213108
Ratio of female to male labor force participation rate (%) (modeled ILO estimate),SL.TLF.CACT.FM.ZS,Samoa,WSM,61.21115585,61.45254716,60.5401592,59.80587476,58.94914349,58.23685627,55.11420938,55.72002727,55.63098315
Ratio of female to male labor force participation rate (%) (modeled ILO estimate),SL.TLF.CACT.FM.ZS,San Marino,SMR,..,..,..,..,..,..,..,..,..
Ratio of female to male labor force participation rate (%) (modeled ILO estimate),SL.TLF.CACT.FM.ZS,Sao Tome and Principe,STP,90.24216524,92.49707862,94.17697742,96.18782926,95.89041096,96.79552391,96.11586024,95.98421927,96.15544818
Ratio of female to male labor force participation rate (%) (modeled ILO estimate),SL.TLF.CACT.FM.ZS,Saudi Arabia,SAU,27.35698751,25.06785502,27.43707727,29.9364779,36.25702056,42.79086635,42.32640699,42.2261834,42.61016026
Ratio of female to male labor force participation rate (%) (modeled ILO estimate),SL.TLF.CACT.FM.ZS,Senegal,SEN,59.47857367,62.37564489,60.05484612,58.07054136,58.07085686,58.61551449,58.42587058,58.54978697,58.63101335
Ratio of female to male labor force participation rate (%) (modeled ILO estimate),SL.TLF.CACT.FM.ZS,Serbia,SRB,72.03227685,74.36878471,74.25867811,75.09196344,75.12002213,76.20977685,77.1128801,76.33026682,76.31687526
Ratio of female to male labor force participation rate (%) (modeled ILO estimate),SL.TLF.CACT.FM.ZS,Seychelles,SYC,..,..,..,..,..,..,..,..,..
Ratio of female to male labor force participation rate (%) (modeled ILO estimate),SL.TLF.CACT.FM.ZS,Sierra Leone,SLE,96.10124551,92.75821968,91.05463561,91.95847232,91.96037821,92.40708792,91.72462866,91.94506377,91.6844197
Ratio of female to male labor force participation rate (%) (modeled ILO estimate),SL.TLF.CACT.FM.ZS,Singapore,SGP,79.61688312,79.46238386,80.33273524,81.71244283,82.06682889,84.14857203,82.68960351,81.25155691,81.19839554
Ratio of female to male labor force participation rate (%) (modeled ILO estimate),SL.TLF.CACT.FM.ZS,Sint Maarten (Dutch part),SXM,..,..,..,..,..,..,..,..,..
Ratio of female to male labor force participation rate (%) (modeled ILO estimate),SL.TLF.CACT.FM.ZS,Slovak Republic,SVK,76.5244172,77.78237607,77.14264619,77.36372264,77.89893217,82.5624282,83.13603726,83.12348957,83.16877738
Ratio of female to male labor force participation rate (%) (modeled ILO estimate),SL.TLF.CACT.FM.ZS,Slovenia,SVN,82.88672544,84.05790275,83.58201988,84.16687689,84.93538481,84.47537642,83.88216794,83.88360468,83.94092707
Ratio of female to male labor force participation rate (%) (modeled ILO estimate),SL.TLF.CACT.FM.ZS,Solomon Islands,SLB,95.72897565,95.59037181,95.52868686,95.51610691,95.54214888,95.99957742,95.43590575,95.59741133,95.60377118
Ratio of female to male labor force participation rate (%) (modeled ILO estimate),SL.TLF.CACT.FM.ZS,Somalia,SOM,44.00344039,44.29043878,44.50454257,44.67837248,44.67825752,44.78119519,44.4774725,44.46850979,44.50513251
Ratio of female to male labor force participation rate (%) (modeled ILO estimate),SL.TLF.CACT.FM.ZS,South Africa,ZAF,78.40912585,79.30752082,79.21329368,79.76298159,79.45713027,79.4765421,80.07840174,81.97150379,82.16068715
Ratio of female to male labor force participation rate (%) (modeled ILO estimate),SL.TLF.CACT.FM.ZS,South Sudan,SSD,94.48365772,91.95163764,92.12153284,93.84379665,93.843957,94.19279907,93.59495463,93.55828623,..
Ratio of female to male labor force participation rate (%) (modeled ILO estimate),SL.TLF.CACT.FM.ZS,Spain,ESP,81.0585988,81.55017236,81.43426795,81.94214811,81.91030755,83.50786592,83.1901122,84.12321898,84.28356248
Ratio of female to male labor force participation rate (%) (modeled ILO estimate),SL.TLF.CACT.FM.ZS,Sri Lanka,LKA,47.92717999,49.05073183,45.907118,47.16531616,44.50488439,44.66574471,45.39369739,45.27607538,45.29111309
Ratio of female to male labor force participation rate (%) (modeled ILO estimate),SL.TLF.CACT.FM.ZS,St. Kitts and Nevis,KNA,..,..,..,..,..,..,..,..,..
Ratio of female to male labor force participation rate (%) (modeled ILO estimate),SL.TLF.CACT.FM.ZS,St. Lucia,LCA,84.38546595,84.72425444,84.02320167,87.61017342,84.65234402,85.28746998,82.63242545,83.24330036,83.17633362
Ratio of female to male labor force participation rate (%) (modeled ILO estimate),SL.TLF.CACT.FM.ZS,St. Martin (French part),MAF,..,..,..,..,..,..,..,..,..
Ratio of female to male labor force participation rate (%) (modeled ILO estimate),SL.TLF.CACT.FM.ZS,St. Vincent and the Grenadines,VCT,71.08572335,72.36082925,73.01311088,73.28246304,73.06410588,73.71593007,73.41153989,73.73773487,73.91338896
Ratio of female to male labor force participation rate (%) (modeled ILO estimate),SL.TLF.CACT.FM.ZS,Sudan,SDN,34.93341314,32.31217976,30.97370069,29.41055431,27.50076427,25.54026867,23.44038929,..,..
Ratio of female to male labor force participation rate (%) (modeled ILO estimate),SL.TLF.CACT.FM.ZS,Suriname,SUR,66.56966279,67.64029508,68.59118254,68.77705385,68.55799028,69.10463626,69.58774181,69.97978912,70.02744022
Ratio of female to male labor force participation rate (%) (modeled ILO estimate),SL.TLF.CACT.FM.ZS,Sweden,SWE,89.96569596,90.07759714,90.41991265,90.38217874,89.4700335,89.81264464,89.67552919,90.46475181,90.42780905
Ratio of female to male labor force participation rate (%) (modeled ILO estimate),SL.TLF.CACT.FM.ZS,Switzerland,CHE,83.95374197,84.11584793,84.79281898,85.56681453,85.23876271,85.67579827,85.50234977,85.82450436,85.89745365
Ratio of female to male labor force participation rate (%) (modeled ILO estimate),SL.TLF.CACT.FM.ZS,Syrian Arab Republic,SYR,20.112168,20.43878992,20.80463592,21.30118577,21.3008208,21.28127841,21.30041648,21.30009667,21.22929034
Ratio of female to male labor force participation rate (%) (modeled ILO estimate),SL.TLF.CACT.FM.ZS,Tajikistan,TJK,60.10907529,61.52965422,61.29989784,61.09338521,61.09398016,61.79558227,61.56689559,61.76401915,61.9781506
Ratio of female to male labor force participation rate (%) (modeled ILO estimate),SL.TLF.CACT.FM.ZS,Tanzania,TZA,91.08397571,91.43730538,91.56275692,91.67380993,89.56701954,92.26113223,91.77434677,91.715841,91.67753151
Ratio of female to male labor force participation rate (%) (modeled ILO estimate),SL.TLF.CACT.FM.ZS,Thailand,THA,78.37067837,77.90992268,77.84050074,78.02874743,78.33381928,78.64347318,79.0992857,78.98347988,78.79319347
Ratio of female to male labor force participation rate (%) (modeled ILO estimate),SL.TLF.CACT.FM.ZS,Timor-Leste,TLS,84.69642783,84.7510645,84.77668995,84.78726959,84.78578247,84.92317677,84.83674829,85.24640643,85.25559485
Ratio of female to male labor force participation rate (%) (modeled ILO estimate),SL.TLF.CACT.FM.ZS,Togo,TGO,91.7929522,92.27687367,92.58921162,92.93620279,92.93720278,93.22136075,93.1521197,93.24881194,93.28400399
Ratio of female to male labor force participation rate (%) (modeled ILO estimate),SL.TLF.CACT.FM.ZS,Tonga,TON,63.5216231,63.90951605,64.00949491,64.04430132,64.15295551,64.66777688,64.35418036,64.8598102,65.26770078
Ratio of female to male labor force participation rate (%) (modeled ILO estimate),SL.TLF.CACT.FM.ZS,Trinidad and Tobago,TTO,69.67177947,71.76361008,72.01795609,72.25604576,72.22661512,73.2730707,74.68235364,75.07131061,75.15731833
Ratio of female to male labor force participation rate (%) (modeled ILO estimate),SL.TLF.CACT.FM.ZS,Tunisia,TUN,37.40602582,38.18155599,38.71537842,39.25497057,40.06053894,41.20669451,41.56634695,40.75201242,40.7809177
Ratio of female to male labor force participation rate (%) (modeled ILO estimate),SL.TLF.CACT.FM.ZS,Turkiye,TUR,44.00986215,46.35086943,47.03376394,47.73366372,45.30225997,46.7098981,49.09845489,50.29674008,50.87640638
Ratio of female to male labor force participation rate (%) (modeled ILO estimate),SL.TLF.CACT.FM.ZS,Turkmenistan,TKM,103.4666948,103.8787054,104.0922571,104.317671,104.0459255,104.8236378,104.1553614,104.550528,104.6555135
Ratio of female to male labor force participation rate (%) (modeled ILO estimate),SL.TLF.CACT.FM.ZS,Turks and Caicos Islands,TCA,..,..,..,..,..,..,..,..,..
Ratio of female to male labor force participation rate (%) (modeled ILO estimate),SL.TLF.CACT.FM.ZS,Tuvalu,TUV,..,..,..,..,..,..,..,..,..
Ratio of female to male labor force participation rate (%) (modeled ILO estimate),SL.TLF.CACT.FM.ZS,Uganda,UGA,94.93846713,92.43467623,91.54689056,91.41322242,90.24935366,88.77006621,89.28084308,89.53853361,89.59265419
Ratio of female to male labor force participation rate (%) (modeled ILO estimate),SL.TLF.CACT.FM.ZS,Ukraine,UKR,79.50616504,77.72955081,76.85786156,76.00148253,75.88546186,75.98121916,..,..,..
Ratio of female to male labor force participation rate (%) (modeled ILO estimate),SL.TLF.CACT.FM.ZS,United Arab Emirates,ARE,52.30528784,55.27324035,55.44545897,59.32366096,65.4590459,55.92356123,59.42231879,59.76529757,60.36445198
Ratio of female to male labor force participation rate (%) (modeled ILO estimate),SL.TLF.CACT.FM.ZS,United Kingdom,GBR,83.29489534,84.44155997,84.61674268,86.03102569,86.85266093,87.75114984,87.01087202,86.36575782,86.41191202
Ratio of female to male labor force participation rate (%) (modeled ILO estimate),SL.TLF.CACT.FM.ZS,United States,USA,81.49712987,82.07087244,82.18147421,82.63175484,82.65178942,82.59029974,82.94473805,83.79026528,83.88131039
Ratio of female to male labor force participation rate (%) (modeled ILO estimate),SL.TLF.CACT.FM.ZS,Uruguay,URY,75.68323274,76.88056283,77.5878087,78.23128305,79.17667089,79.66474892,77.96814368,80.48112187,80.72888063
Ratio of female to male labor force participation rate (%) (modeled ILO estimate),SL.TLF.CACT.FM.ZS,Uzbekistan,UZB,55.35405048,54.69062691,54.33477213,54.00193521,54.2712382,54.41081512,54.44247398,54.62189507,54.53186838
Ratio of female to male labor force participation rate (%) (modeled ILO estimate),SL.TLF.CACT.FM.ZS,Vanuatu,VUT,83.69829684,84.46881595,84.88584404,85.32747086,85.32769218,87.31036714,85.11855963,85.11634506,85.15988971
Ratio of female to male labor force participation rate (%) (modeled ILO estimate),SL.TLF.CACT.FM.ZS,"Venezuela, RB",VEN,63.86694717,62.25950211,62.15251353,61.75742214,61.62794295,62.01434179,54.82409498,55.37058884,55.14365966
Ratio of female to male labor force participation rate (%) (modeled ILO estimate),SL.TLF.CACT.FM.ZS,Viet Nam,VNM,88.40773141,88.29397667,88.45985827,87.11504727,86.3417682,87.77279256,87.96233351,88.0309418,87.95215981
Ratio of female to male labor force participation rate (%) (modeled ILO estimate),SL.TLF.CACT.FM.ZS,Virgin Islands (U.S.),VIR,83.15313636,83.7442767,84.34592684,85.13730401,85.13705228,85.53264901,85.38926232,85.51524934,85.53155976
Ratio of female to male labor force participation rate (%) (modeled ILO estimate),SL.TLF.CACT.FM.ZS,West Bank and Gaza,PSE,25.42126301,24.77663857,25.1645346,25.83950635,24.74771817,24.98753828,26.26220595,..,..
Ratio of female to male labor force participation rate (%) (modeled ILO estimate),SL.TLF.CACT.FM.ZS,"Yemen, Rep.",YEM,8.90039827,8.599781347,8.506404468,8.42567635,8.418072471,8.44632626,8.21924595,8.135933845,8.111280085
Ratio of female to male labor force participation rate (%) (modeled ILO estimate),SL.TLF.CACT.FM.ZS,Zambia,ZMB,78.53056901,79.57714181,80.16110932,77.64513248,80.52274813,81.62339033,82.65510851,82.84204544,82.77664202
Ratio of female to male labor force participation rate (%) (modeled ILO estimate),SL.TLF.CACT.FM.ZS,Zimbabwe,ZWE,82.65615607,83.39159877,83.89631228,84.43279473,83.77195451,83.83205979,83.35053272,83.67029331,83.71080751
"Literacy rate, adult female (% of females ages 15 and above)",SE.ADT.LITR.FE.ZS,Afghanistan,AFG,17.08624077,..,..,..,..,23,26.59655952,..,..
"Literacy rate, adult female (% of females ages 15 and above)",SE.ADT.LITR.FE.ZS,Albania,ALB,..,99.04904175,..,..,..,..,98.30000305,..,..
"Literacy rate, adult female (% of females ages 15 and above)",SE.ADT.LITR.FE.ZS,Algeria,DZA,..,..,75.32296753,74.21019745,..,..,..,..,..
"Literacy rate, adult female (% of females ages 15 and above)",SE.ADT.LITR.FE.ZS,American Samoa,ASM,..,..,..,..,..,..,..,..,..
"Literacy rate, adult female (% of females ages 15 and above)",SE.ADT.LITR.FE.ZS,Andorra,AND,..,..,..,..,..,..,..,..,..
"Literacy rate, adult female (% of females ages 15 and above)",SE.ADT.LITR.FE.ZS,Angola,AGO,51.92597961,..,..,..,..,..,62.5,..,..
"Literacy rate, adult female (% of females ages 15 and above)",SE.ADT.LITR.FE.ZS,Antigua and Barbuda,ATG,..,..,..,..,..,..,..,..,..
"Literacy rate, adult female (% of females ages 15 and above)",SE.ADT.LITR.FE.ZS,Argentina,ARG,..,..,..,..,..,..,..,..,..
"Literacy rate, adult female (% of females ages 15 and above)",SE.ADT.LITR.FE.ZS,Armenia,ARM,..,100,..,..,100,..,..,..,..
"Literacy rate, adult female (% of females ages 15 and above)",SE.ADT.LITR.FE.ZS,Aruba,ABW,..,..,..,..,98,..,..,..,..
"Literacy rate, adult female (% of females ages 15 and above)",SE.ADT.LITR.FE.ZS,Australia,AUS,..,..,..,..,..,..,..,..,..
"Literacy rate, adult female (% of females ages 15 and above)",SE.ADT.LITR.FE.ZS,Austria,AUT,..,..,..,..,..,..,..,..,..
"Literacy rate, adult female (% of females ages 15 and above)",SE.ADT.LITR.FE.ZS,Azerbaijan,AZE,100,100,..,100,..,..,..,100,..
"Literacy rate, adult female (% of females ages 15 and above)",SE.ADT.LITR.FE.ZS,"Bahamas, The",BHS,..,..,..,..,..,..,..,..,..
"Literacy rate, adult female (% of females ages 15 and above)",SE.ADT.LITR.FE.ZS,Bahrain,BHR,..,..,..,..,..,..,96,96,..
"Literacy rate, adult female (% of females ages 15 and above)",SE.ADT.LITR.FE.ZS,Bangladesh,BGD,62,70,71,72,72,74,..,..,..
"Literacy rate, adult female (% of females ages 15 and above)",SE.ADT.LITR.FE.ZS,Barbados,BRB,..,..,..,..,..,..,..,..,..
"Literacy rate, adult female (% of females ages 15 and above)",SE.ADT.LITR.FE.ZS,Belarus,BLR,..,..,..,100,..,..,..,..,..
"Literacy rate, adult female (% of females ages 15 and above)",SE.ADT.LITR.FE.ZS,Belgium,BEL,..,..,..,..,..,..,..,..,..
"Literacy rate, adult female (% of females ages 15 and above)",SE.ADT.LITR.FE.ZS,Belize,BLZ,91.63160706,..,..,..,..,..,..,..,..
"Literacy rate, adult female (% of females ages 15 and above)",SE.ADT.LITR.FE.ZS,Benin,BEN,..,28.54985046,..,..,..,33.1344986,36.40000153,..,..
"Literacy rate, adult female (% of females ages 15 and above)",SE.ADT.LITR.FE.ZS,Bermuda,BMU,..,..,..,..,..,..,..,..,..
"Literacy rate, adult female (% of females ages 15 and above)",SE.ADT.LITR.FE.ZS,Bhutan,BTN,..,57,..,..,..,..,63.90000153,..,..
"Literacy rate, adult female (% of females ages 15 and above)",SE.ADT.LITR.FE.ZS,Bolivia,BOL,89,..,..,..,91,..,..,..,..
"Literacy rate, adult female (% of females ages 15 and above)",SE.ADT.LITR.FE.ZS,Bosnia and Herzegovina,BIH,..,..,..,..,..,..,97.09999847,..,..
"Literacy rate, adult female (% of females ages 15 and above)",SE.ADT.LITR.FE.ZS,Botswana,BWA,..,..,..,..,..,..,..,..,..
"Literacy rate, adult female (% of females ages 15 and above)",SE.ADT.LITR.FE.ZS,Brazil,BRA,92,93,93,..,..,..,94.91999817,..,..
"Literacy rate, adult female (% of females ages 15 and above)",SE.ADT.LITR.FE.ZS,British Virgin Islands,VGB,..,..,..,..,..,..,..,..,..
"Literacy rate, adult female (% of females ages 15 and above)",SE.ADT.LITR.FE.ZS,Brunei Darussalam,BRN,..,..,..,..,..,96.86000061,..,..,..
"Literacy rate, adult female (% of females ages 15 and above)",SE.ADT.LITR.FE.ZS,Bulgaria,BGR,..,..,..,..,..,98.16999817,..,..,..
"Literacy rate, adult female (% of females ages 15 and above)",SE.ADT.LITR.FE.ZS,Burkina Faso,BFA,..,..,31,25,..,31.03120041,29.12000084,..,..
"Literacy rate, adult female (% of females ages 15 and above)",SE.ADT.LITR.FE.ZS,Burundi,BDI,..,61,..,..,..,..,69.44000244,..,..
"Literacy rate, adult female (% of females ages 15 and above)",SE.ADT.LITR.FE.ZS,Cabo Verde,CPV,82,..,..,..,..,..,87.61000061,..,..
"Literacy rate, adult female (% of females ages 15 and above)",SE.ADT.LITR.FE.ZS,Cambodia,KHM,75,..,..,..,..,63.6409111,79.65000153,..,..
"Literacy rate, adult female (% of females ages 15 and above)",SE.ADT.LITR.FE.ZS,Cameroon,CMR,..,..,66.16177368,..,73.12000275,..,..,..,..
"Literacy rate, adult female (% of females ages 15 and above)",SE.ADT.LITR.FE.ZS,Canada,CAN,..,..,..,..,..,..,..,..,..
"Literacy rate, adult female (% of females ages 15 and above)",SE.ADT.LITR.FE.ZS,Cayman Islands,CYM,..,99,..,..,..,..,..,..,..
"Literacy rate, adult female (% of females ages 15 and above)",SE.ADT.LITR.FE.ZS,Central African Republic,CAF,..,..,26,27.13083076,26.20000076,..,..,..,..
"Literacy rate, adult female (% of females ages 15 and above)",SE.ADT.LITR.FE.ZS,Chad,TCD,13.93340969,..,..,18.64254951,..,..,18.87000084,..,..
"Literacy rate, adult female (% of females ages 15 and above)",SE.ADT.LITR.FE.ZS,Channel Islands,CHI,..,..,..,..,..,..,..,..,..
"Literacy rate, adult female (% of females ages 15 and above)",SE.ADT.LITR.FE.ZS,Chile,CHL,97,96,..,..,..,..,97.12000275,..,..
"Literacy rate, adult female (% of females ages 15 and above)",SE.ADT.LITR.FE.ZS,China,CHN,..,..,..,..,95,..,..,..,..
"Literacy rate, adult female (% of females ages 15 and above)",SE.ADT.LITR.FE.ZS,Colombia,COL,94,..,95,95,96,..,..,..,..
"Literacy rate, adult female (% of females ages 15 and above)",SE.ADT.LITR.FE.ZS,Comoros,COM,..,..,..,..,..,..,56.86999893,..,..
"Literacy rate, adult female (% of females ages 15 and above)",SE.ADT.LITR.FE.ZS,"Congo, Dem. Rep.",COD,..,..,61.6003418,..,..,..,71.73000336,..,..
"Literacy rate, adult female (% of females ages 15 and above)",SE.ADT.LITR.FE.ZS,"Congo, Rep.",COG,..,..,..,..,..,75.37000275,..,..,..
"Literacy rate, adult female (% of females ages 15 and above)",SE.ADT.LITR.FE.ZS,Costa Rica,CRI,..,..,94.11876678,..,..,98.09999847,..,..,..
"Literacy rate, adult female (% of females ages 15 and above)",SE.ADT.LITR.FE.ZS,Cote d'Ivoire,CIV,..,..,..,87,..,40.25508881,..,..,..
"Literacy rate, adult female (% of females ages 15 and above)",SE.ADT.LITR.FE.ZS,Croatia,HRV,..,..,..,..,..,99.23999786,..,..,..
"Literacy rate, adult female (% of females ages 15 and above)",SE.ADT.LITR.FE.ZS,Cuba,CUB,..,..,..,96.3534317,..,99.71714783,..,..,..
"Literacy rate, adult female (% of females ages 15 and above)",SE.ADT.LITR.FE.ZS,Curacao,CUW,..,..,..,..,..,..,..,..,..
"Literacy rate, adult female (% of females ages 15 and above)",SE.ADT.LITR.FE.ZS,Cyprus,CYP,..,..,..,..,..,99.15000153,..,..,..
"Literacy rate, adult female (% of females ages 15 and above)",SE.ADT.LITR.FE.ZS,Czechia,CZE,..,..,..,..,..,..,..,..,..
"Literacy rate, adult female (% of females ages 15 and above)",SE.ADT.LITR.FE.ZS,Denmark,DNK,..,..,..,..,..,..,..,..,..
"Literacy rate, adult female (% of females ages 15 and above)",SE.ADT.LITR.FE.ZS,Djibouti,DJI,..,..,..,..,..,..,..,..,..
"Literacy rate, adult female (% of females ages 15 and above)",SE.ADT.LITR.FE.ZS,Dominica,DMA,..,..,..,..,..,..,..,..,..
"Literacy rate, adult female (% of females ages 15 and above)",SE.ADT.LITR.FE.ZS,Dominican Republic,DOM,92,..,..,87.37267303,..,..,95.59999847,..,..
"Literacy rate, adult female (% of females ages 15 and above)",SE.ADT.LITR.FE.ZS,Ecuador,ECU,93,92,..,..,92,94,93,..,..
"Literacy rate, adult female (% of females ages 15 and above)",SE.ADT.LITR.FE.ZS,"Egypt, Arab Rep.",EGY,..,66,..,..,..,..,68.94999695,..,..
"Literacy rate, adult female (% of females ages 15 and above)",SE.ADT.LITR.FE.ZS,El Salvador,SLV,86,87,87,87,89,..,..,88,..
"Literacy rate, adult female (% of females ages 15 and above)",SE.ADT.LITR.FE.ZS,Equatorial Guinea,GNQ,..,..,..,..,..,..,..,..,..
"Literacy rate, adult female (% of females ages 15 and above)",SE.ADT.LITR.FE.ZS,Eritrea,ERI,..,..,68.94618988,..,..,..,..,..,..
"Literacy rate, adult female (% of females ages 15 and above)",SE.ADT.LITR.FE.ZS,Estonia,EST,..,..,..,..,..,99.87999725,..,..,..
"Literacy rate, adult female (% of females ages 15 and above)",SE.ADT.LITR.FE.ZS,Eswatini,SWZ,..,..,..,..,89.47000122,..,90.41265869,..,..
"Literacy rate, adult female (% of females ages 15 and above)",SE.ADT.LITR.FE.ZS,Ethiopia,ETH,..,44.42338181,..,40.38267136,..,..,..,..,..
"Literacy rate, adult female (% of females ages 15 and above)",SE.ADT.LITR.FE.ZS,Faroe Islands,FRO,..,..,..,..,..,..,..,..,..
"Literacy rate, adult female (% of females ages 15 and above)",SE.ADT.LITR.FE.ZS,Fiji,FJI,..,..,..,..,..,92.42814636,..,..,..
"Literacy rate, adult female (% of females ages 15 and above)",SE.ADT.LITR.FE.ZS,Finland,FIN,..,..,..,..,..,..,..,..,..
"Literacy rate, adult female (% of females ages 15 and above)",SE.ADT.LITR.FE.ZS,France,FRA,..,..,..,..,..,..,..,..,..
"Literacy rate, adult female (% of females ages 15 and above)",SE.ADT.LITR.FE.ZS,French Polynesia,PYF,..,..,..,..,..,..,..,..,..
"Literacy rate, adult female (% of females ages 15 and above)",SE.ADT.LITR.FE.ZS,Gabon,GAB,..,..,..,..,..,87.06620026,85.04000092,..,..
"Literacy rate, adult female (% of females ages 15 and above)",SE.ADT.LITR.FE.ZS,"Gambia, The",GMB,42,..,43.34835815,..,..,40.45228958,52.25,..,..
"Literacy rate, adult female (% of females ages 15 and above)",SE.ADT.LITR.FE.ZS,Georgia,GEO,..,99,99.6481781,..,..,..,100,..,..
"Literacy rate, adult female (% of females ages 15 and above)",SE.ADT.LITR.FE.ZS,Germany,DEU,..,..,..,..,..,..,..,..,..
"Literacy rate, adult female (% of females ages 15 and above)",SE.ADT.LITR.FE.ZS,Ghana,GHA,..,56.02021027,..,..,76.19000244,..,..,..,..
"Literacy rate, adult female (% of females ages 15 and above)",SE.ADT.LITR.FE.ZS,Gibraltar,GIB,..,..,..,..,..,..,..,..,..
"Literacy rate, adult female (% of females ages 15 and above)",SE.ADT.LITR.FE.ZS,Greece,GRC,..,..,..,..,..,..,..,..,..
"Literacy rate, adult female (% of females ages 15 and above)",SE.ADT.LITR.FE.ZS,Greenland,GRL,..,..,..,..,..,..,..,..,..
"Literacy rate, adult female (% of females ages 15 and above)",SE.ADT.LITR.FE.ZS,Grenada,GRD,..,..,..,..,..,..,..,..,..
"Literacy rate, adult female (% of females ages 15 and above)",SE.ADT.LITR.FE.ZS,Guam,GUM,..,..,..,..,..,..,..,..,..
"Literacy rate, adult female (% of females ages 15 and above)",SE.ADT.LITR.FE.ZS,Guatemala,GTM,75.13619232,..,77,..,..,..,78.60874939,..,..
"Literacy rate, adult female (% of females ages 15 and above)",SE.ADT.LITR.FE.ZS,Guinea,GIN,..,..,28,..,..,31.27000046,..,..,..
"Literacy rate, adult female (% of females ages 15 and above)",SE.ADT.LITR.FE.ZS,Guinea-Bissau,GNB,..,..,..,40.33797836,..,..,41,..,..
"Literacy rate, adult female (% of females ages 15 and above)",SE.ADT.LITR.FE.ZS,Guyana,GUY,..,..,..,..,86.89983368,..,89.66000366,..,..
"Literacy rate, adult female (% of females ages 15 and above)",SE.ADT.LITR.FE.ZS,Haiti,HTI,..,63.87432098,..,..,..,..,..,..,..
"Literacy rate, adult female (% of females ages 15 and above)",SE.ADT.LITR.FE.ZS,Honduras,HND,88,..,87,89,..,..,..,..,..
"Literacy rate, adult female (% of females ages 15 and above)",SE.ADT.LITR.FE.ZS,"Hong Kong SAR, China",HKG,..,..,..,..,..,..,..,..,..
"Literacy rate, adult female (% of females ages 15 and above)",SE.ADT.LITR.FE.ZS,Hungary,HUN,..,..,..,..,..,99.09999847,..,..,..
"Literacy rate, adult female (% of females ages 15 and above)",SE.ADT.LITR.FE.ZS,Iceland,ISL,..,..,..,..,..,..,..,..,..
"Literacy rate, adult female (% of females ages 15 and above)",SE.ADT.LITR.FE.ZS,India,IND,..,..,..,..,..,..,69,70,..
"Literacy rate, adult female (% of females ages 15 and above)",SE.ADT.LITR.FE.ZS,Indonesia,IDN,93,..,94,..,95,..,..,..,..
"Literacy rate, adult female (% of females ages 15 and above)",SE.ADT.LITR.FE.ZS,"Iran, Islamic Rep.",IRN,..,..,..,..,..,..,84.87000275,..,..
"Literacy rate, adult female (% of females ages 15 and above)",SE.ADT.LITR.FE.ZS,Iraq,IRQ,..,80,76.27866364,..,..,..,..,..,..
"Literacy rate, adult female (% of females ages 15 and above)",SE.ADT.LITR.FE.ZS,Ireland,IRL,..,..,..,..,..,..,..,..,..
"Literacy rate, adult female (% of females ages 15 and above)",SE.ADT.LITR.FE.ZS,Isle of Man,IMN,..,..,..,..,..,..,..,..,..
"Literacy rate, adult female (% of females ages 15 and above)",SE.ADT.LITR.FE.ZS,Israel,ISR,..,..,..,..,..,..,..,..,..
"Literacy rate, adult female (% of females ages 15 and above)",SE.ADT.LITR.FE.ZS,Italy,ITA,..,..,..,99,..,..,..,..,..
"Literacy rate, adult female (% of females ages 15 and above)",SE.ADT.LITR.FE.ZS,Jamaica,JAM,..,..,..,..,..,..,90.81487274,..,..
"Literacy rate, adult female (% of females ages 15 and above)",SE.ADT.LITR.FE.ZS,Japan,JPN,..,..,..,..,..,..,..,..,..
"Literacy rate, adult female (% of females ages 15 and above)",SE.ADT.LITR.FE.ZS,Jordan,JOR,..,..,94.15695953,..,..,..,..,92,..
"Literacy rate, adult female (% of females ages 15 and above)",SE.ADT.LITR.FE.ZS,Kazakhstan,KAZ,..,..,..,..,99.80000305,..,..,..,..
"Literacy rate, adult female (% of females ages 15 and above)",SE.ADT.LITR.FE.ZS,Kenya,KEN,..,..,..,..,..,..,80.26999664,..,..
"Literacy rate, adult female (% of females ages 15 and above)",SE.ADT.LITR.FE.ZS,Kiribati,KIR,..,..,98.61151123,..,..,..,..,..,..
"Literacy rate, adult female (% of females ages 15 and above)",SE.ADT.LITR.FE.ZS,"Korea, Dem. People's Rep.",PRK,..,..,99.997612,..,..,..,..,..,..
"Literacy rate, adult female (% of females ages 15 and above)",SE.ADT.LITR.FE.ZS,"Korea, Rep.",KOR,..,..,98.40000153,..,..,..,..,..,..
"Literacy rate, adult female (% of females ages 15 and above)",SE.ADT.LITR.FE.ZS,Kosovo,XKX,..,..,..,..,..,..,..,..,..
"Literacy rate, adult female (% of females ages 15 and above)",SE.ADT.LITR.FE.ZS,Kuwait,KWT,94,95,95,..,95,..,..,..,..
"Literacy rate, adult female (% of females ages 15 and above)",SE.ADT.LITR.FE.ZS,Kyrgyz Republic,KGZ,..,..,..,99.5,..,..,..,..,..
"Literacy rate, adult female (% of females ages 15 and above)",SE.ADT.LITR.FE.ZS,Lao PDR,LAO,79,..,..,..,..,..,83.37000275,..,..
"Literacy rate, adult female (% of females ages 15 and above)",SE.ADT.LITR.FE.ZS,Latvia,LVA,..,..,..,..,..,99.91000366,..,..,..
"Literacy rate, adult female (% of females ages 15 and above)",SE.ADT.LITR.FE.ZS,Lebanon,LBN,..,..,90,..,..,..,..,..,..
"Literacy rate, adult female (% of females ages 15 and above)",SE.ADT.LITR.FE.ZS,Lesotho,LSO,..,..,91.7942276,..,..,..,89.76000214,..,..
"Literacy rate, adult female (% of females ages 15 and above)",SE.ADT.LITR.FE.ZS,Liberia,LBR,..,34.09225845,..,..,..,..,..,..,..
"Literacy rate, adult female (% of females ages 15 and above)",SE.ADT.LITR.FE.ZS,Libya,LBY,..,..,..,..,..,..,..,..,..
"Literacy rate, adult female (% of females ages 15 and above)",SE.ADT.LITR.FE.ZS,Liechtenstein,LIE,..,..,..,..,..,..,..,..,..
"Literacy rate, adult female (% of females ages 15 and above)",SE.ADT.LITR.FE.ZS,Lithuania,LTU,..,..,..,..,..,99.84999847,..,..,..
"Literacy rate, adult female (% of females ages 15 and above)",SE.ADT.LITR.FE.ZS,Luxembourg,LUX,..,..,..,..,..,..,..,..,..
"Literacy rate, adult female (% of females ages 15 and above)",SE.ADT.LITR.FE.ZS,"Macao SAR, China",MAC,..,..,..,..,..,95.87999725,..,..,..
"Literacy rate, adult female (% of females ages 15 and above)",SE.ADT.LITR.FE.ZS,Madagascar,MDG,..,..,75,..,..,71.75376129,76.02999878,..,..
"Literacy rate, adult female (% of females ages 15 and above)",SE.ADT.LITR.FE.ZS,Malawi,MWI,55.20410919,..,..,..,62.68426132,..,65.08999634,..,..
"Literacy rate, adult female (% of females ages 15 and above)",SE.ADT.LITR.FE.ZS,Malaysia,MYS,..,94,94,94,..,..,95,..,..
"Literacy rate, adult female (% of females ages 15 and above)",SE.ADT.LITR.FE.ZS,Maldives,MDV,..,94.91461945,..,98.25518799,..,98.41000366,..,..,..
"Literacy rate, adult female (% of females ages 15 and above)",SE.ADT.LITR.FE.ZS,Mali,MLI,22,..,26,..,22,..,..,..,..
"Literacy rate, adult female (% of females ages 15 and above)",SE.ADT.LITR.FE.ZS,Malta,MLT,..,..,..,..,..,96.41999817,..,..,..
"Literacy rate, adult female (% of females ages 15 and above)",SE.ADT.LITR.FE.ZS,Marshall Islands,MHL,..,..,..,..,..,..,..,..,..
"Literacy rate, adult female (% of females ages 15 and above)",SE.ADT.LITR.FE.ZS,Mauritania,MRT,57.43473053,..,..,..,51.81209946,62.16999817,..,..,..
"Literacy rate, adult female (% of females ages 15 and above)",SE.ADT.LITR.FE.ZS,Mauritius,MUS,91,..,..,..,..,90.45999908,..,..,..
"Literacy rate, adult female (% of females ages 15 and above)",SE.ADT.LITR.FE.ZS,Mexico,MEX,93,94,95,..,94,..,..,..,..
"Literacy rate, adult female (% of females ages 15 and above)",SE.ADT.LITR.FE.ZS,"Micronesia, Fed. Sts.",FSM,..,..,..,..,..,..,..,..,..
"Literacy rate, adult female (% of females ages 15 and above)",SE.ADT.LITR.FE.ZS,Moldova,MDA,..,..,..,..,..,99.5,..,..,..
"Literacy rate, adult female (% of females ages 15 and above)",SE.ADT.LITR.FE.ZS,Monaco,MCO,..,..,..,..,..,..,..,..,..
"Literacy rate, adult female (% of females ages 15 and above)",SE.ADT.LITR.FE.ZS,Mongolia,MNG,..,..,97.99797058,..,99,..,..,..,..
"Literacy rate, adult female (% of females ages 15 and above)",SE.ADT.LITR.FE.ZS,Montenegro,MNE,..,..,97.94822693,..,..,98.54000092,..,..,..
"Literacy rate, adult female (% of females ages 15 and above)",SE.ADT.LITR.FE.ZS,Morocco,MAR,..,..,..,..,..,..,69.08000183,..,..
"Literacy rate, adult female (% of females ages 15 and above)",SE.ADT.LITR.FE.ZS,Mozambique,MOZ,43,50,..,..,49,..,..,..,..
"Literacy rate, adult female (% of females ages 15 and above)",SE.ADT.LITR.FE.ZS,Myanmar,MMR,..,..,..,86,..,..,..,..,..
"Literacy rate, adult female (% of females ages 15 and above)",SE.ADT.LITR.FE.ZS,Namibia,NAM,..,..,..,..,..,92.33000183,..,..,..
"Literacy rate, adult female (% of females ages 15 and above)",SE.ADT.LITR.FE.ZS,Nauru,NRU,..,..,..,..,..,..,..,..,..
"Literacy rate, adult female (% of females ages 15 and above)",SE.ADT.LITR.FE.ZS,Nepal,NPL,..,..,..,59.41371918,..,63.33000183,..,..,..
"Literacy rate, adult female (% of females ages 15 and above)",SE.ADT.LITR.FE.ZS,Netherlands,NLD,..,..,..,..,..,..,..,..,..
"Literacy rate, adult female (% of females ages 15 and above)",SE.ADT.LITR.FE.ZS,New Caledonia,NCL,..,..,..,..,..,..,..,..,..
"Literacy rate, adult female (% of females ages 15 and above)",SE.ADT.LITR.FE.ZS,New Zealand,NZL,..,..,..,..,..,..,..,..,..
"Literacy rate, adult female (% of females ages 15 and above)",SE.ADT.LITR.FE.ZS,Nicaragua,NIC,82.77935028,..,..,..,..,..,..,..,..
"Literacy rate, adult female (% of females ages 15 and above)",SE.ADT.LITR.FE.ZS,Niger,NER,..,..,..,..,..,..,29.70000076,..,..
"Literacy rate, adult female (% of females ages 15 and above)",SE.ADT.LITR.FE.ZS,Nigeria,NGA,..,..,52.65647888,..,..,53.25244141,..,..,..
"Literacy rate, adult female (% of females ages 15 and above)",SE.ADT.LITR.FE.ZS,North Macedonia,MKD,..,..,97.77973938,..,..,..,..,..,..
"Literacy rate, adult female (% of females ages 15 and above)",SE.ADT.LITR.FE.ZS,Northern Mariana Islands,MNP,..,..,..,..,..,..,..,..,..
"Literacy rate, adult female (% of females ages 15 and above)",SE.ADT.LITR.FE.ZS,Norway,NOR,..,..,..,..,..,..,..,..,..
"Literacy rate, adult female (% of females ages 15 and above)",SE.ADT.LITR.FE.ZS,Oman,OMN,86,92,93,..,..,..,95,..,..
"Literacy rate, adult female (% of females ages 15 and above)",SE.ADT.LITR.FE.ZS,Pakistan,PAK,..,46,45,46,..,..,..,..,..
"Literacy rate, adult female (% of females ages 15 and above)",SE.ADT.LITR.FE.ZS,Palau,PLW,96,..,..,..,..,..,..,..,..
"Literacy rate, adult female (% of females ages 15 and above)",SE.ADT.LITR.FE.ZS,Panama,PAN,..,..,95,95,..,..,..,..,..
"Literacy rate, adult female (% of females ages 15 and above)",SE.ADT.LITR.FE.ZS,Papua New Guinea,PNG,..,61.55078888,..,..,..,..,..,..,..
"Literacy rate, adult female (% of females ages 15 and above)",SE.ADT.LITR.FE.ZS,Paraguay,PRY,95,..,94,93,94,..,..,..,..
"Literacy rate, adult female (% of females ages 15 and above)",SE.ADT.LITR.FE.ZS,Peru,PER,91,91,92,..,92,..,..,..,..
"Literacy rate, adult female (% of females ages 15 and above)",SE.ADT.LITR.FE.ZS,Philippines,PHL,98,..,..,97,99,..,97.00150299,..,..
"Literacy rate, adult female (% of females ages 15 and above)",SE.ADT.LITR.FE.ZS,Poland,POL,..,..,..,..,..,99.80000305,..,..,..
"Literacy rate, adult female (% of females ages 15 and above)",SE.ADT.LITR.FE.ZS,Portugal,PRT,..,..,..,..,..,95.91999817,..,..,..
"Literacy rate, adult female (% of females ages 15 and above)",SE.ADT.LITR.FE.ZS,Puerto Rico,PRI,..,92,..,..,..,92.40000153,..,..,..
"Literacy rate, adult female (% of females ages 15 and above)",SE.ADT.LITR.FE.ZS,Qatar,QAT,..,..,..,..,..,..,..,..,..
"Literacy rate, adult female (% of females ages 15 and above)",SE.ADT.LITR.FE.ZS,Romania,ROU,..,..,..,..,..,99,..,..,..
"Literacy rate, adult female (% of females ages 15 and above)",SE.ADT.LITR.FE.ZS,Russian Federation,RUS,..,..,..,..,..,100,..,..,..
"Literacy rate, adult female (% of females ages 15 and above)",SE.ADT.LITR.FE.ZS,Rwanda,RWA,..,..,69,..,77.81008911,..,77,..,..
"Literacy rate, adult female (% of females ages 15 and above)",SE.ADT.LITR.FE.ZS,Samoa,WSM,..,..,..,97.65841675,..,99.30000305,..,..,..
"Literacy rate, adult female (% of females ages 15 and above)",SE.ADT.LITR.FE.ZS,San Marino,SMR,..,..,..,..,..,..,100,..,..
"Literacy rate, adult female (% of females ages 15 and above)",SE.ADT.LITR.FE.ZS,Sao Tome and Principe,STP,..,..,..,82.75253296,..,..,91.06999969,..,..
"Literacy rate, adult female (% of females ages 15 and above)",SE.ADT.LITR.FE.ZS,Saudi Arabia,SAU,..,93,..,..,96,..,..,..,..
"Literacy rate, adult female (% of females ages 15 and above)",SE.ADT.LITR.FE.ZS,Senegal,SEN,35.16851044,40,40.5788002,38.51519012,..,..,47.08000183,..,..
"Literacy rate, adult female (% of females ages 15 and above)",SE.ADT.LITR.FE.ZS,Serbia,SRB,..,..,..,99,..,..,..,..,..
"Literacy rate, adult female (% of females ages 15 and above)",SE.ADT.LITR.FE.ZS,Seychelles,SYC,..,..,..,..,96.69999695,..,..,..,..
"Literacy rate, adult female (% of females ages 15 and above)",SE.ADT.LITR.FE.ZS,Sierra Leone,SLE,..,36.23799133,..,33.94221115,..,..,41.31000137,..,..
"Literacy rate, adult female (% of females ages 15 and above)",SE.ADT.LITR.FE.ZS,Singapore,SGP,95,96,96,96,96,96,..,..,..
"Literacy rate, adult female (% of females ages 15 and above)",SE.ADT.LITR.FE.ZS,Sint Maarten (Dutch part),SXM,..,..,..,..,..,..,..,..,..
"Literacy rate, adult female (% of females ages 15 and above)",SE.ADT.LITR.FE.ZS,Slovak Republic,SVK,..,..,..,..,..,..,..,..,..
"Literacy rate, adult female (% of females ages 15 and above)",SE.ADT.LITR.FE.ZS,Slovenia,SVN,..,..,..,..,..,..,..,..,..
"Literacy rate, adult female (% of females ages 15 and above)",SE.ADT.LITR.FE.ZS,Solomon Islands,SLB,..,..,..,..,..,..,..,..,..
"Literacy rate, adult female (% of females ages 15 and above)",SE.ADT.LITR.FE.ZS,Somalia,SOM,..,..,..,..,..,..,44,..,..
"Literacy rate, adult female (% of females ages 15 and above)",SE.ADT.LITR.FE.ZS,South Africa,ZAF,93,86,..,95,..,89,..,..,..
"Literacy rate, adult female (% of females ages 15 and above)",SE.ADT.LITR.FE.ZS,South Sudan,SSD,..,..,28.86425972,..,..,..,..,..,..
"Literacy rate, adult female (% of females ages 15 and above)",SE.ADT.LITR.FE.ZS,Spain,ESP,98,..,98,..,98,..,..,..,..
"Literacy rate, adult female (% of females ages 15 and above)",SE.ADT.LITR.FE.ZS,Sri Lanka,LKA,..,91,91,92,92,92,92,..,..
"Literacy rate, adult female (% of females ages 15 and above)",SE.ADT.LITR.FE.ZS,St. Kitts and Nevis,KNA,..,..,..,..,..,..,..,..,..
"Literacy rate, adult female (% of females ages 15 and above)",SE.ADT.LITR.FE.ZS,St. Lucia,LCA,..,..,..,..,..,..,..,..,..
"Literacy rate, adult female (% of females ages 15 and above)",SE.ADT.LITR.FE.ZS,St. Martin (French part),MAF,..,..,..,..,..,..,..,..,..
"Literacy rate, adult female (% of females ages 15 and above)",SE.ADT.LITR.FE.ZS,St. Vincent and the Grenadines,VCT,..,..,..,..,..,..,..,..,..
"Literacy rate, adult female (% of females ages 15 and above)",SE.ADT.LITR.FE.ZS,Sudan,SDN,..,..,56.06322861,..,..,..,..,..,..
"Literacy rate, adult female (% of females ages 15 and above)",SE.ADT.LITR.FE.ZS,Suriname,SUR,..,..,..,..,..,93.40000153,..,..,..
"Literacy rate, adult female (% of females ages 15 and above)",SE.ADT.LITR.FE.ZS,Sweden,SWE,..,..,..,..,..,..,..,..,..
"Literacy rate, adult female (% of females ages 15 and above)",SE.ADT.LITR.FE.ZS,Switzerland,CHE,..,..,..,..,..,..,..,..,..
"Literacy rate, adult female (% of females ages 15 and above)",SE.ADT.LITR.FE.ZS,Syrian Arab Republic,SYR,..,..,..,..,..,92,..,..,..
"Literacy rate, adult female (% of females ages 15 and above)",SE.ADT.LITR.FE.ZS,Tajikistan,TJK,..,94.62194824,..,..,..,..,..,..,..
"Literacy rate, adult female (% of females ages 15 and above)",SE.ADT.LITR.FE.ZS,Tanzania,TZA,73,..,..,..,..,..,78.69999695,..,..
"Literacy rate, adult female (% of females ages 15 and above)",SE.ADT.LITR.FE.ZS,Thailand,THA,91,..,92,90.1832962,..,92.80000305,91.48596191,..,..
"Literacy rate, adult female (% of females ages 15 and above)",SE.ADT.LITR.FE.ZS,Timor-Leste,TLS,..,..,..,..,66.5,..,..,..,..
"Literacy rate, adult female (% of females ages 15 and above)",SE.ADT.LITR.FE.ZS,Togo,TGO,51,..,..,55,..,..,..,..,..
"Literacy rate, adult female (% of females ages 15 and above)",SE.ADT.LITR.FE.ZS,Tonga,TON,..,..,..,97.57917023,..,99.5,..,..,..
"Literacy rate, adult female (% of females ages 15 and above)",SE.ADT.LITR.FE.ZS,Trinidad and Tobago,TTO,..,..,..,..,..,..,93.83213806,..,..
"Literacy rate, adult female (% of females ages 15 and above)",SE.ADT.LITR.FE.ZS,Tunisia,TUN,..,..,71.54836273,74,..,..,78.26113129,..,..
"Literacy rate, adult female (% of females ages 15 and above)",SE.ADT.LITR.FE.ZS,Turkiye,TUR,93,93,..,94,..,..,..,..,..
"Literacy rate, adult female (% of females ages 15 and above)",SE.ADT.LITR.FE.ZS,Turkmenistan,TKM,..,..,..,99.64929199,..,..,..,..,..
"Literacy rate, adult female (% of females ages 15 and above)",SE.ADT.LITR.FE.ZS,Turks and Caicos Islands,TCA,..,..,..,..,..,..,..,..,..
"Literacy rate, adult female (% of females ages 15 and above)",SE.ADT.LITR.FE.ZS,Tuvalu,TUV,..,..,..,..,..,..,..,..,..
"Literacy rate, adult female (% of females ages 15 and above)",SE.ADT.LITR.FE.ZS,Uganda,UGA,..,..,..,..,..,..,76.52999878,..,..
"Literacy rate, adult female (% of females ages 15 and above)",SE.ADT.LITR.FE.ZS,Ukraine,UKR,..,..,..,..,..,100,..,..,..
"Literacy rate, adult female (% of females ages 15 and above)",SE.ADT.LITR.FE.ZS,United Arab Emirates,ARE,..,..,..,97,..,97,98,..,..
"Literacy rate, adult female (% of females ages 15 and above)",SE.ADT.LITR.FE.ZS,United Kingdom,GBR,..,..,..,..,..,..,..,..,..
"Literacy rate, adult female (% of females ages 15 and above)",SE.ADT.LITR.FE.ZS,United States,USA,..,..,..,..,..,..,..,..,..
"Literacy rate, adult female (% of females ages 15 and above)",SE.ADT.LITR.FE.ZS,Uruguay,URY,99,99,99,99,..,..,99,..,..
"Literacy rate, adult female (% of females ages 15 and above)",SE.ADT.LITR.FE.ZS,Uzbekistan,UZB,100,..,100,100,..,100,100,..,..
"Literacy rate, adult female (% of females ages 15 and above)",SE.ADT.LITR.FE.ZS,Vanuatu,VUT,..,..,..,..,..,88.40000153,..,..,..
"Literacy rate, adult female (% of females ages 15 and above)",SE.ADT.LITR.FE.ZS,"Venezuela, RB",VEN,97,..,..,..,..,..,97.73000336,..,..
"Literacy rate, adult female (% of females ages 15 and above)",SE.ADT.LITR.FE.ZS,Viet Nam,VNM,..,..,..,95,..,..,95,..,..
"Literacy rate, adult female (% of females ages 15 and above)",SE.ADT.LITR.FE.ZS,Virgin Islands (U.S.),VIR,..,..,..,..,..,..,..,..,..
"Literacy rate, adult female (% of females ages 15 and above)",SE.ADT.LITR.FE.ZS,West Bank and Gaza,PSE,95,95,96,96,96,..,97,..,..
"Literacy rate, adult female (% of females ages 15 and above)",SE.ADT.LITR.FE.ZS,"Yemen, Rep.",YEM,..,..,..,..,..,..,..,54.13274002,..
"Literacy rate, adult female (% of females ages 15 and above)",SE.ADT.LITR.FE.ZS,Zambia,ZMB,..,..,62.18249893,..,84.30000305,..,..,..,..
"Literacy rate, adult female (% of females ages 15 and above)",SE.ADT.LITR.FE.ZS,Zimbabwe,ZWE,..,..,..,93.35812378,..,..,91.19999695,..,..
,,,,,,,,,,,,
,,,,,,,,,,,,
,,,,,,,,,,,,
Data from database: Gender Statistics,,,,,,,,,,,,
Last Updated: 04/17/2025,,,,,,,,,,,,
